ADM3_PCODE,scale_min,scale_max,scale_mean,scale_median,scale_stdDev,offset_min,offset_max,offset_mean,offset_median,offset_stdDev
BF130001,-2.5934301808509708,0.28711594975833404,0.03432424808190004,0.03963493914043093,0.10120148236489103,-0.22505173318911278,11.581489934397506,0.1610096330337873,0.09508486420400881,0.45162929311148514
BF130002,-0.5285187475161538,0.9283703679130191,0.08485143233338066,0.05048364969496982,0.104690287198141,-0.3500161810689384,14.009105953432265,0.3272092952949141,0.15258708547800806,0.8974217623541969
BF130003,-0.01606506792207559,0.2554187539610125,0.051876997489803824,0.045841188458538566,0.022546630313813543,0.03213341977347487,0.9843327060696625,0.10158244166660539,0.07599507647854918,0.07735965579972837
BF130004,-2.976782344636463,7.7269604958239055,0.3506226867367833,0.28032955542588184,0.5630746919176031,-0.25984857355554897,73.1814954053788,5.194853760312568,1.2422617838384775,7.826355408295452
BF130005,-0.07752344742627992,0.9414428577181839,0.05483024874140484,0.043010239022587514,0.05397748593992673,-0.25984857355554897,4.88937484064982,0.13117231992647857,0.10758108982840077,0.23082735702415957
BF130006,-0.04736482298938513,1.7629624363921939,0.10540569399812812,0.05830652001063996,0.14697335976793227,-0.37180456097814296,7.228414772521882,0.25233651405815216,0.13980428911094225,0.49728635008801486
BF130007,-1.1512506955436297,0.3911108619400433,0.0513212482520821,0.05051927559162267,0.07363472011271387,-0.0435801814171663,10.503841272422246,0.27848282297124977,0.15234724180522777,0.6851632673874836
BF460101,-1.0509626522197366,1.153878867604016,0.03934361865483019,0.03942332493923799,0.0680817481996107,-0.2658722122848433,11.788960618560115,0.1518505326560867,0.08540677444662216,0.4653906097861559
BF460102,-0.25765292665788103,2.0336391485872722,0.06565199881468577,0.04023350619193447,0.13680679680313065,-0.27768428233407794,14.02952010432879,0.27414971118051945,0.09329622826229125,1.0098640270192012
BF460103,-0.29246698888337486,0.5358232295229322,0.040200206765885066,0.041082509440508126,0.029978050854039623,-0.07222366149237912,5.516539994449842,0.11516582503343552,0.07497630527648136,0.18764460260816201
BF460104,-0.6156166839798625,0.269366485199758,0.038967645651088526,0.04096463371237285,0.028923768373319135,-0.30206487370014656,2.916117027791361,0.09193741109776185,0.06909054071599338,0.12721707066559423
BF460105,-0.20575652257234434,0.2429694950939544,0.038075292031876797,0.040020746467703774,0.024341349666116948,-0.2729621345130172,1.6879202467486418,0.0935627200664504,0.0663247793124466,0.10710506990126895
BF460106,-0.1197921960126786,0.13076290630990461,0.03804259642620605,0.04000042399357669,0.013067233008974373,-0.05731876614403778,4.073056595311279,0.1126702901201041,0.07558799883272349,0.18939932249952898
BF460107,-0.24529648962475004,1.5271636987371104,0.0382845294256791,0.04220445173362735,0.05864229890513756,-0.0949361693291437,3.6754121822970256,0.12493857232039395,0.08452290077878523,0.22039876151681373
BF460108,-0.061448857561031,0.37231634923123885,0.05332922813054463,0.04391771906537116,0.0364585317000343,-0.2044265530960166,1.7545813847155798,0.10658737833355904,0.06619910011481221,0.17461325443573786
BF460109,-0.13253851780956166,0.2709086603856468,0.03932264553431312,0.040055994875147646,0.026514480208232084,-0.27217381199824603,1.1525063727139717,0.09791453871874575,0.06640454706525176,0.11036585979187301
BF460110,-0.852159148808347,0.1782356279367204,0.031102380389326504,0.035701857169290314,0.04636912003339439,-0.16540949260178467,4.2691943648193655,0.12373984294963689,0.07606724007889422,0.22027034345589622
BF460201,-0.3207187271743481,0.14581469076524844,0.031605480280190314,0.036124104479681514,0.02222128211745839,-0.061793921482084055,1.656854278541037,0.10707153784945697,0.07394701816543459,0.10482965202810897
BF460202,-0.08635255680417772,0.10962658146205026,0.038831994458838524,0.03955353906156481,0.010691776031563146,-0.03425433136795791,0.6794268995145103,0.07095849161880952,0.0643759710355798,0.0518308720989792
BF460203,-0.5194030685070175,0.28364537084902014,0.03241048189273153,0.037170344963305554,0.03645338778819469,-0.3049363324576656,2.5297213060755546,0.12397560205725933,0.08492807274667973,0.15795636514927988
BF460204,-0.15472615075746685,0.141845986169106,0.036716749101010464,0.038111580903605294,0.013570083257392344,-0.0576741615340801,1.544523794842895,0.08193360994833997,0.06618079735355101,0.07736056922525811
BF460205,-0.5757697758575281,0.15917754610113444,0.036708656794234,0.037162800336958825,0.013413377833826963,-0.008034018600093467,5.701533457175607,0.07653274705390431,0.0722509492787977,0.10796806217143298
BF460206,-1.2662983478678922,0.6533017928955988,0.033006194605591926,0.035778226375825915,0.04264359734760851,-0.9255064060312829,5.735218750651083,0.11080227410745101,0.07504705363233713,0.17714597141936325
BF460301,-0.28343141231925983,0.39568312862788196,0.03887200102038297,0.03737790911919627,0.01209880482169972,-0.25037599117439685,1.4541524048670995,0.06347532798683829,0.05849784453857569,0.042110108763225476
BF460302,-0.15402597945649177,0.06494751830385732,0.038330154523642156,0.03858289253846383,0.006913559650987684,0.02405766074523507,1.0137572136341728,0.0650960219781888,0.06048072300624467,0.03879861967906356
BF460303,-0.5851858251203556,0.7626459322110306,0.038799222575886014,0.03618208563006242,0.047300931048191844,-1.1225120417823615,3.1810893785749657,0.08286667371333599,0.07192546971050058,0.14574486577842133
BF460304,-1.1100061931869103,0.3984428710564749,0.03830611564243761,0.041724512030715685,0.04100107369963998,-0.5121683874805014,5.08311808967985,0.0838196511302833,0.053516314200890674,0.19320566270255715
BF460305,-0.2928123705454969,0.08147513638998914,0.03712214682623039,0.038070781687261274,0.011737340236778956,5.222930894455029E-4,1.640239953578982,0.06827821790002934,0.05873675200139123,0.05717780396233974
BF460306,-0.1843647468853132,0.10128882477459099,0.03722210026591732,0.03820399076782397,0.014688830567697056,0.023536741148702623,1.3908487357555368,0.06811254664942595,0.058485196101197505,0.08062819014592139
BF460307,-0.058528558254086725,0.051977152002759146,0.0400684217302984,0.03980102671193977,0.004156850406387675,0.03180553569524948,0.4852922492455469,0.060751546740522654,0.059574388914646,0.01647572505731576
BF460308,-0.185122293661282,0.42322078435903504,0.041029590710092274,0.0409226638989674,0.043378425042231515,-0.54680244572505,1.3946362529088565,0.08620708096647806,0.05865999649786679,0.13378849537702958
BF460309,-0.2843027029774107,0.34745667385626194,0.0366335831391637,0.03717403951946472,0.015328118775750837,-0.4260016318207601,3.0563593897081556,0.07854137546942411,0.06906675430444277,0.09899988727912928
BF460311,-0.13079924528886164,0.3427887643275816,0.035316986499073846,0.03613040076463773,0.018039378087068427,-0.4460894481612957,0.8149779325342804,0.07686490460192506,0.05855966400064521,0.06813367495781496
BF460401,-0.34007853299235213,0.34501873937551863,0.0374951677428521,0.03726475851201261,0.021380150717548695,-0.40281336816787233,2.4159487853092805,0.08650839458786398,0.06957695192617458,0.0979920676872856
BF460402,-0.6175157095311166,0.3251321042577426,0.03336612811793367,0.03714826489187215,0.03715225970833176,-0.16816499101280766,10.118739443165916,0.16586205887549288,0.08267706203876343,0.4914634616405171
BF460403,-0.2775232854958934,0.4749670004668934,0.03637599508057475,0.037101769612058695,0.03287100365423909,-0.6157099051204222,1.666609316439246,0.11076781386500316,0.08496618102513019,0.12463668843311297
BF460404,-0.365184368654376,1.1698074844621478,0.03635339230159277,0.03607514384554352,0.04879379323178674,-0.23266431796115025,6.640942815513838,0.12536750623225848,0.07668605466295295,0.22946602435439026
BF460405,-1.1330993138309124,0.3828066238922821,0.03703698433887009,0.03642720303981885,0.03282374043712778,-0.27996681241798105,5.149555975011372,0.08602105992512654,0.07285801269600146,0.14249795301560286
BF460406,-0.45154508558057604,1.7674363389586298,0.04099020857639974,0.03905265926282745,0.07280918622999957,-1.5833239141433122,4.240715967402572,0.1253716602931888,0.0768290032847588,0.22161829764950702
BF460407,-0.49213121340727367,0.476584544366536,0.0368691865698724,0.03717998956965805,0.029823738780352084,-0.504504925733532,2.722049237281594,0.09452002665794423,0.06944163010860885,0.11986845244073342
BF460501,-1.8444805847809351,0.4092832684374506,0.027152889297260244,0.03670778239444975,0.06837008088098268,-0.5067708196499249,9.594415559723746,0.1562660251651813,0.08610921907484032,0.3275856199956198
BF460502,-0.8736392588193883,0.4603232263928346,0.03111599476031729,0.03581446668898263,0.06503524391019481,-0.5683327430174575,4.228581120811647,0.15240947408316274,0.07691172761404545,0.2792991498192149
BF460503,-0.8590071408432864,0.393269325418043,0.02201373864452745,0.034640623356750624,0.0711902406343986,-0.43465548351274,4.421210650410752,0.20923593509642097,0.1064481076586442,0.31876831972248854
BF460504,-0.8826179284012705,0.4536758293661045,0.03550817475009613,0.03535384357706681,0.06761466167987162,-0.617886741325492,4.052588953087425,0.16348650376220072,0.10643154977577084,0.2754330100890916
BF460505,-0.8877732909473014,1.123227963711889,0.03606566386780335,0.03750670521879022,0.07033231151921944,-1.4226579596953732,4.0834675174860635,0.1329433831140097,0.07622056582147899,0.24406374442552736
BF460506,-2.5422447024112835,0.320513602276887,0.02593162010201187,0.03651592176366242,0.07526968403686436,-0.20931145606750978,13.0098383647301,0.1501592562863485,0.08217919998881812,0.3749530931173888
BF460601,-0.2514480909809381,0.16963256817776018,0.03262910857398767,0.03613829114890151,0.023440764114363234,-0.08212282419914291,1.6373569572211377,0.11492344669598085,0.0740638282095523,0.13721833998210953
BF460602,-0.46618924934660927,0.9231220971681372,0.04434646304043594,0.036728680995299294,0.051629871851871775,-0.8069692531633856,2.652431824735859,0.06808860807842226,0.05561426209501515,0.14524310627950401
BF460603,-0.9163869040622514,0.4965091336473831,0.032480752244934574,0.03542247417031433,0.042124459565298145,-0.5954028637090578,4.202016373419957,0.11876058988520194,0.07646203464708852,0.16304121017502193
BF460604,-1.364011877630089,0.71910545283546,0.03538963231457769,0.03766742044162196,0.05631769385355409,-1.0813799593112587,6.133386548422139,0.09579449599085822,0.07140253478335593,0.23188580294176034
BF460605,-0.1578346821562653,0.20262489760560648,0.0324688780140046,0.036065891840493615,0.023354220822271735,-0.19028840201818162,1.6055525891660225,0.10565701280346165,0.07418302135309987,0.1275838377194091
BF460606,-0.466897750352343,0.44960118882452316,0.04027697004583673,0.03723065638566665,0.048649581199279285,-0.4908190751406697,2.6311770896967834,0.08457328953600497,0.06887996663507998,0.180603715461187
BF460607,-0.4069416236178811,0.526542662886814,0.03841165339019101,0.03728479543135894,0.041308112467594,-0.7397869884919471,2.309424159005825,0.0983484854478941,0.06928237736641014,0.14593411915347654
BF460608,-0.7773162965438262,0.9267843986606403,0.035908356730999375,0.03568376784855799,0.04798906933382093,-1.1125929152532037,3.68160687507424,0.11768530157538173,0.07482355325730013,0.1938196762699657
BF470101,-0.5228366174158596,1.9500979737689097,0.04943339697183625,0.0391717294037029,0.08219001515474404,-2.7357955345263085,12.760765060072853,0.18368540112263054,0.08441180797934457,0.6906110722255456
BF470102,-0.4532386366100538,0.42802486020982977,0.033556497500488586,0.03721308645406901,0.05429979138250351,-0.4694955240092462,7.396802278856437,0.19029257552281026,0.1066668413943529,0.3380486893167992
BF470103,-1.8830933130493144,0.32282295214064927,0.03657316729288967,0.038575369736250587,0.03310267596940532,-0.22961277993315543,8.471273726671436,0.08037127122854877,0.07640600381034846,0.14561089317448017
BF470104,-0.20059586323415196,0.2589153438745944,0.034188402647859766,0.03612692712162372,0.020501581507491068,-0.2573445984081185,1.173753543048709,0.09562312105276938,0.0738660534474408,0.0887837834679818
BF470105,-0.5072204343908068,0.38364012716781526,0.03924855909096112,0.04090578769692036,0.024011413064862458,-0.2340169415529956,2.973412071665128,0.08845301230069284,0.06961966785935873,0.13356747679968367
BF470106,-0.4648545395605089,0.2659107023653286,0.035836468139197844,0.03713457000745685,0.013896152458934394,-0.11681836510875396,2.2274678032623516,0.07480876156642047,0.06899287450078642,0.060677238163267304
BF470107,-0.2520941369529326,0.20475718397868886,0.037577426787726805,0.0381100125778126,0.010418673321021435,-0.17105331841767543,1.9568012511091573,0.06916348674217086,0.05540776961044941,0.05777750572365809
BF470108,-0.11518648546743429,0.2478666627873844,0.04025921205639695,0.04006382591744215,0.010018151117085388,-0.13535717650388723,0.8319650614423499,0.06727161098029041,0.06442505638289901,0.032341329513778244
BF470109,-0.16269664323356534,0.3309569602244578,0.03471272185151782,0.0361610257651219,0.01694310291189108,-0.23692839997931428,1.2373894023767207,0.10145069558901859,0.08185853385951596,0.07887721988448342
BF470201,-0.21082145250624135,0.09204720551635892,0.039317507073306224,0.04003408154105649,0.01336675464082513,-0.013556775232289164,1.1571738411827635,0.07467892076116134,0.06622411255003892,0.05725005570468587
BF470202,-0.05257305603091871,0.07721431944602435,0.03814769606206736,0.04054579437678009,0.011326459598186747,0.014613027511153459,0.4952313071144523,0.08853252237330421,0.07321230134538692,0.051761182597735274
BF470203,-0.24768141868601865,0.09003257057962141,0.030994454646252556,0.03614119669060463,0.024573513800530085,-0.008013263865861864,1.462153037463958,0.10901144678078166,0.08199829906972535,0.11820222644295383
BF470204,-0.36599429566246855,0.11450802427134477,0.032448802130550986,0.03609237167498346,0.024173208722017735,-0.022369032696587965,1.8083019570414243,0.10679513334202387,0.07399372674366902,0.12177100317135053
BF470205,-0.302626524284105,6.583184954282236,0.09021035447744218,0.04639226897390678,0.2976777709761103,-6.885046330716986,2.6618733896535733,0.04332871736707459,0.08093664474648112,0.33519971322252184
BF470206,-0.15686273594508834,0.14168208250997677,0.035273166635951876,0.038093956247062216,0.01851002647870822,-0.06067252058641143,1.1123299687751569,0.08993122929680238,0.06648123091274857,0.09105845272907084
BF470207,-0.421245425576455,0.31262206091057687,0.03306459427068276,0.03724044185266253,0.03063219306447184,-0.12005991273118914,2.0712673134902224,0.12158125325664855,0.08445394392850035,0.14421338063777478
BF470208,-0.17553540844736354,0.16958824733072625,0.03657964173883411,0.040045859054345954,0.020435572222204892,-0.13838083820883185,0.9968592961127537,0.0940042357622596,0.06639598069067683,0.08706664020297791
BF480101,-0.3610282831248783,0.19131766563181632,0.03582383375937438,0.0371548863547417,0.021716148493366103,0.02554921897604973,4.080540746450424,0.10175094009049311,0.07277147483888105,0.20925164165045107
BF480102,-0.011504119599045399,0.08400742710606816,0.0384614274568573,0.03883292251972874,0.004989217975249895,0.021796031267426554,0.6416184059870873,0.053615854225532056,0.05259753714638646,0.026288607963470247
BF480103,0.03449172316496039,0.14807671104513465,0.05409481147528825,0.04421966360885107,0.020725441719192824,0.029818318480725532,0.600473251459854,0.09138677318489385,0.06458165266331445,0.07896101832045956
BF480104,-0.3174259103391142,0.05588788536953784,0.03472145010558006,0.0361839321979606,0.01591828512798693,0.031096747722282696,2.7532775111585144,0.07410061773362649,0.055399517608716406,0.11494915519573236
BF480105,-0.25998510384843465,0.2000278333822886,0.037069955666836844,0.03810592468390106,0.01589748474081036,-0.16216456650068894,3.8922801737984023,0.09057214198669938,0.07471775683739162,0.13268288426351565
BF480106,-0.22212519625654317,0.2165967740196114,0.038116977888975265,0.03806150482104041,0.01931251636610511,-0.23509326336906747,1.5560709683249159,0.07112766482635671,0.05836057148655394,0.08848979638524375
BF480107,0.023432039442143702,0.1383939722464198,0.04228270846704086,0.04078014950225753,0.008546806481535205,0.010295811728740643,2.810691663551898,0.06627749805209009,0.054974133305159774,0.0954031605803553
BF480108,0.0038297449992526146,0.06211866196134083,0.041364848466922614,0.04088604031637062,0.004759913960328146,0.01985284606538092,0.23099132004530734,0.05477486877664012,0.05315532652928046,0.017518528843540288
BF480109,0.03017655248653942,0.12356279736074309,0.042022988123042795,0.0402870811548001,0.008733812078713462,-0.026829960894593524,0.21571200710189128,0.05326871340737762,0.05219171110190168,0.015583230551649384
BF480110,-0.813510271764937,1.8050738801913602,0.0474372370209046,0.03985664208663189,0.0633239588525822,-1.5431956732202143,7.9301168989567525,0.09948428597590782,0.05188054638287741,0.32495207619179456
BF480111,-0.6911608328421911,0.8344569304428573,0.03592800104195751,0.035790544940806045,0.04444422096112038,-0.7792718819179018,13.941724912751289,0.15141466787279653,0.08503964435188206,0.42421517917099555
BF480112,-0.24506919320334591,0.30300338779869934,0.033014046735149294,0.03704136115153492,0.02929894604736442,-0.3142863264583866,1.3865383644532856,0.13059585475894306,0.09017557705939745,0.1385601911311242
BF480113,-0.13180752114359556,0.10324640485036764,0.03703910744770705,0.03858642648785531,0.012905320875989272,0.005857054060990257,0.8015051254354019,0.08215641117170559,0.06831826274148886,0.0574762867448234
BF480202,-8.5663600198348E-4,0.04765429154802058,0.03784489569787035,0.03774175707358556,0.0034200980793872345,0.023466392984292248,0.21124192674150913,0.05543584589365482,0.05519240665352479,0.012916383135966433
BF480201,-0.018200474148172708,0.2709219086710142,0.03851348369247215,0.038116233742450635,0.009039609205916264,-0.20074361451025607,0.40702296596247745,0.05324571650457139,0.052746878709551984,0.01886674437400183
BF480203,-0.03586786468319284,0.06744506695568339,0.03718508300219215,0.037833759306298925,0.006324391870576391,0.017503014508596,0.613014343859894,0.0591466778389621,0.052667724386749035,0.04029986054989992
BF480204,-0.03586786468319284,0.38655912104739054,0.04013022493196939,0.038118217497709224,0.015989807060059348,-0.5321546888305984,0.4739447347376318,0.05458525377913755,0.05077519378918973,0.039033359169182553
BF480205,-0.06972762134613558,0.628268401360228,0.042239561560774526,0.04075369984648957,0.030756471869651216,-0.032218035496216976,2.537490372146879,0.06832773011809119,0.0550694782698833,0.10552199374970875
BF480206,-0.43265425184688955,0.47927044093237436,0.040089366695734034,0.04079962837322862,0.016967020080280087,-0.6826066546505206,2.0925164565484184,0.05159948738138396,0.05367151463511153,0.049698419780347856
BF480207,0.004086194266814606,0.4398193284869194,0.04304112573244779,0.040026996646159343,0.026724599845805927,0.022259811930347324,2.537490372146879,0.0707235334115675,0.05461221602288028,0.13500953640042937
BF480208,-0.07359295741133835,0.12284287470018691,0.03855643318482913,0.03857645239971073,0.007602781027782872,-0.041492033067264684,0.9498303384933111,0.05766468487881939,0.052744258110719436,0.03823671299941196
BF480301,0.01480281918858444,0.10959884292623472,0.04038507392918127,0.03979596911881886,0.005453370052123265,0.02144925426858078,0.5364548237550826,0.05431299577789212,0.05270254040358882,0.018847224325060846
BF480302,0.014308418324660687,0.07113840100473248,0.03893354990273451,0.03868693869578197,0.004786371675281042,0.028451891373454902,0.3142244408261918,0.06551359849529854,0.05960815191624426,0.026004293774556327
BF480303,-0.04285460982577033,0.16331461947231132,0.039365180760362634,0.03949864979968718,0.009124739126961968,0.007350493437981987,0.551560610942986,0.06697613398278252,0.0604480966256265,0.03920598118679445
BF480304,-0.018817498877372902,0.12429021684026036,0.03737026894954704,0.03660001540582662,0.00717417876465793,-0.010310538950198818,0.3949044738941926,0.0644658822195343,0.05952691811267232,0.030288480614949174
BF480305,-0.1610550522094681,0.16760309617079439,0.04052281176644247,0.040091661322065146,0.011551881887130135,0.026350931975078613,5.073087331794557,0.0628048912842232,0.05118374015733639,0.23290639596286777
BF480306,-0.1610550522094681,0.5748346311461535,0.04815418562876781,0.04111971523781566,0.032657973761652165,-0.6019124617866639,5.896848186850548,0.1428827440409319,0.07432947268223193,0.4074815890137555
BF480307,-0.2931974118664151,0.3061038170542036,0.05138259770944451,0.044984907315374884,0.03904273841048827,0.03210013525538324,7.431274262922151,0.308920216024468,0.10694083558258176,0.7506415176858033
BF480308,-0.018817498877372902,0.14434851911695054,0.03882135468747086,0.038528644528655495,0.008828124578818599,-0.025650947132990473,0.3949044738941926,0.05972446444054809,0.057681006761648085,0.02336412518854826
BF480309,-0.014095426204481296,0.10409402455323809,0.038958787694169904,0.03833866773932176,0.0075076628980778135,0.03201715087717665,0.4050004789383993,0.06521790276562371,0.061491869867311075,0.030566324756932124
BF490101,-0.009056624967516178,0.5658945899478913,0.04271685931800065,0.03738451008190552,0.03162346821149948,-0.8323273583276508,0.3591912965750366,0.056433881172073375,0.05872476498654208,0.04201889135968811
BF490102,-0.16685840700908253,0.12147931519263823,0.0401978955935393,0.039981620824955856,0.009675279842566076,0.03747284462276314,1.6822093055483751,0.08434040871857726,0.07421498982860096,0.08260931428970136
BF490103,-0.09725892082566306,0.28235716266291483,0.04110805389868092,0.04001874438542893,0.013373018310213309,0.018179448432333413,4.254322533806165,0.07826516686240548,0.05120402718023351,0.18578747620565395
BF490104,0.03188083760462524,0.056659978395882285,0.040084526695742,0.040111417385180675,0.002759924174065241,0.02624696835742465,0.38639760010742713,0.05917052997189728,0.055696894810260716,0.02679118757177835
BF490105,0.030855899978806042,0.13101781598310308,0.0392335561826951,0.03880862903721176,0.004763889145052856,0.009064605678196088,0.13378351248571735,0.054711534071333154,0.05492327871438969,0.008679618027006094
BF490106,-0.002233577035700104,0.0507569124068444,0.03853331447407183,0.03872668181042768,0.004220531213778173,0.03905469792447375,0.255287238815245,0.06701171658457744,0.062064419487271476,0.023892666775375125
BF490107,-2.3653171913964406,2.6271333538350605,0.04961315806160077,0.041108036572359605,0.15954867714026305,-0.7156953241588088,49.21571226914724,0.396546802163262,0.08994882764352044,2.1004727946212283
BF490108,0.025150277995548788,0.06628600073357423,0.03915397848570192,0.038935511306034266,0.0029966438822661826,0.022484808454811128,0.3475229238115606,0.055279329141515635,0.05368005078807377,0.014732944038981592
BF490109,0.006412264979666188,0.572926628733902,0.039588218437385615,0.037445412124654055,0.017246123342745535,-0.8399889648003626,0.2785124666545363,0.056380043802586544,0.058448946738669745,0.03286021846767187
BF490201,0.03280811945885597,0.09337554600400229,0.041628426367202626,0.041378595287623304,0.0034300067227881104,0.02057117086120083,0.5719377933447027,0.05167378560710983,0.048879116496811405,0.022989590418926023
BF490202,-0.02456207409323681,0.16042877919971943,0.04054906621632647,0.040525966106323454,0.005272726949257385,0.011781291020313455,2.2884805881906125,0.05910986865343449,0.05417031084196872,0.059772867686379884
BF490203,-0.33967044133099816,0.28935317658830345,0.039020835757996496,0.0407793876462139,0.01697161415488545,-0.3538478320004374,2.7060617774023696,0.059425097653943076,0.054001561512910315,0.09686603228496393
BF490204,-0.026444620963524186,0.06033046233503791,0.03863868956360487,0.03883180715613191,0.004123917065386043,0.0261124340831018,0.7824401583167768,0.059481390852002956,0.056561204272536185,0.031041276079750043
BF490205,0.029891014553695208,0.0482027435653089,0.039124348654021764,0.03911988610463243,0.0025935105245150697,0.025450132809401976,0.09425943935951052,0.053491809097724406,0.053460932748770264,0.009328022098737917
BF490206,0.0014454127487538028,0.4364925720812088,0.04095648319648702,0.04003789754829553,0.012672989719471466,-0.6186733486690736,0.33828492417246925,0.04882888410404427,0.04881521675937133,0.019690317338183747
BF490207,-0.9744595147314525,0.4643807787270773,0.03807052416434055,0.03634498919461215,0.0410703250064476,-0.16105599826135272,19.167642181827908,0.13195622812331173,0.06617671891281694,0.5646480313616464
BF490208,0.030232500438744734,0.048450883685810756,0.03967792790114434,0.03973120827415531,0.0026883722386366947,0.02172979600367225,0.27830061517168014,0.05397932255811635,0.05370868238256325,0.012398866105734893
BF490301,0.030467792642108787,1.0566664493467433,0.05003122726022905,0.04176499540082934,0.049262932969251154,-1.6393610339953393,1.1461854615336051,0.03892051913315749,0.054544800748724954,0.08215145385263163
BF490302,-0.10745670788344883,0.44934537361509036,0.043908504560133226,0.04104068177031523,0.0209427474435359,-0.6271267385742422,4.8152491599321365,0.06536905021092242,0.050781680476485375,0.12684960445528215
BF490303,0.013720886501167635,1.3429249156477108,0.053676741931981735,0.04161796136797566,0.07454488607556442,-2.1266042383975305,0.17607400149392474,0.03047358291876357,0.054836628230245536,0.12408059703362045
BF490304,-0.10837311120260329,0.587959919657026,0.045473006886670705,0.04087944227959951,0.03133153493692616,-0.0028033367492580077,6.254355790359633,0.11796491520400028,0.05313597398415987,0.3883032098682966
BF490305,-0.04358906831060137,0.5680396707556654,0.04210877501967646,0.04094237210909486,0.018104380995487362,-0.5120752111515252,1.1199919423531919,0.05844739360154213,0.051120141421718134,0.05130254051375118
BF490306,-0.27909159944170997,0.7677931555746389,0.04570864308252126,0.04170920039201571,0.04632688879827593,-0.34901351175670114,4.9089828240685165,0.0997283511637776,0.0719433044685139,0.2601587046372608
BF490307,0.030970941572117487,0.9174832416908993,0.04792163443719198,0.04077176620144626,0.05024766095768009,-1.4118674852763347,0.08724801610445693,0.04056467688564645,0.05099479224592058,0.08173059242889841
BF490308,0.032140134588449394,2.139082302441931,0.05452768798170524,0.04143639678278756,0.08927925804672471,-3.44611801402477,0.0764096867365186,0.027947829980086426,0.05336740209606403,0.148752624055209
BF490309,-0.20459721223492774,0.056700355654659994,0.040789014850966504,0.041987285871403074,0.009573542691849842,0.02475371391517997,1.2753613516598263,0.05330693406315562,0.05051985258947208,0.05036753163696572
BF490310,0.02749501695507206,2.575331284052005,0.05084227778019282,0.04120965065326277,0.07642936313538044,-4.171834262140605,0.11082950331425916,0.03733107573277694,0.04984047721344614,0.12719827964946356
BF490311,0.0035717499974582878,0.5174354714801579,0.04133620510946977,0.04098392382491624,0.017800144907087007,-0.7521902875492482,0.5627190075770375,0.051469017016841416,0.050644440163126844,0.037059043853735776
BF500101,-0.5345022850226433,0.3782994305005386,0.03551989290609773,0.04099352839018036,0.049983727703711775,-0.27548163609268767,2.8439671926843446,0.13879171175413094,0.08586247591297483,0.2393867306657324
BF500102,-0.3530940765201757,0.3129958279951963,0.03842547272477385,0.040916899315625255,0.034093544148745304,-0.3642142451856108,2.2645497278302043,0.11101982515793173,0.06990027960542236,0.17201810264009876
BF500103,-0.061493569724483506,0.15365657955408096,0.038828563326597586,0.03955433919768795,0.011185102003315135,0.007553429786293279,0.6101213619501019,0.07107838966573,0.06066132673857935,0.05549079326691505
BF500104,-0.5674983294170705,0.3782994305005386,0.03703596090359783,0.040950568241518555,0.04353614703132057,-0.27548163609268767,3.124497416207478,0.12671883950400836,0.07026778250908705,0.21322565371223198
BF500105,-1.2616213772978102,0.973210076491038,0.0553620789865362,0.040974107833753916,0.09105681130240655,-0.8877513141730257,19.13927494486173,0.377239750201472,0.08049984313783656,1.1630901276511474
BF500107,-0.041941064969813896,0.14072773570660502,0.03900368501428897,0.03953784038055503,0.010433947451226501,-0.04709473590234362,0.5781440562291426,0.07178260861258925,0.06032550996022207,0.04540541910688729
BF500106,-0.1373633512912853,0.0799767943542628,0.03757095864533018,0.038608305798253084,0.010813516880393696,0.024449844256326157,1.2535143650172922,0.07653390885314193,0.06610441173837289,0.07404734653294005
BF500108,-0.15130925048322838,0.08322142377576147,0.03720329185685576,0.03956006460484947,0.014915474916898465,0.03762675903756948,1.2693870694707758,0.07944533894918873,0.06597303049251681,0.08995589682490465
BF500109,-0.14264820629891584,0.10303741995067824,0.03782350867468771,0.04052103967392039,0.01879101785912416,0.01581171911536893,0.9639493175491225,0.08543604518728606,0.06458449098434946,0.09025435645585261
BF500110,-0.16343054548321692,0.18312500953020172,0.04163821652629557,0.04209971969342824,0.020857761207519095,-0.11585100299201995,0.998613768319566,0.10839485331206697,0.08965625381273873,0.07969009834617218
BF500111,-0.6456651186422927,0.4657956421371117,0.03625609163332253,0.04169913762041924,0.040178706524828536,-0.5969331099199952,3.2577299816132705,0.10407112072227627,0.06974305483017251,0.1635121142291165
BF500112,-0.09869923764156174,0.1384942000177467,0.036943972891855165,0.039554841167416935,0.018461931114269126,-0.06849127874634828,0.8348932724468232,0.09612772112514108,0.07227277505355648,0.09309439089043862
BF500113,-0.06659052422314528,0.10518998930534249,0.0392223582034854,0.03954113501856813,0.008835643873788072,-0.010287962291580957,0.6820991679560393,0.06808506863912267,0.0605886692743369,0.05197416372744603
BF500114,-0.580506241723058,0.18312500953020172,0.031064669342399882,0.037372204192339505,0.046597864395642286,-0.10466325527799893,3.188114821347491,0.13286553118893546,0.08506634003143337,0.20884395776988676
BF500115,-1.2738808053427852,0.1755541338130743,0.03214230910892318,0.036409714844565726,0.05079797740521332,-0.1352840957642045,6.647469146474448,0.10462137075592687,0.07304390951396278,0.25148338630850936
BF500201,-0.1760021171510397,0.39431029741674484,0.033034012535634094,0.03712983607681824,0.03255216776035281,-0.43966634386950837,1.1719160998656575,0.12542754155785524,0.08164895773785577,0.12932218039606264
BF500202,-1.0102581926732368,1.3671857289425264,0.03732430322599756,0.037937801509535816,0.0811039040664159,-2.099227244802889,4.599361213589353,0.13955954613278887,0.07718750691378375,0.25694437223251965
BF500203,-0.7100868941748298,1.6426433746639217,0.03691023424616398,0.03666300204196332,0.1201549564372342,-2.5637624133396457,3.8768750946027075,0.11950048413214112,0.07576270683177269,0.2983545874934259
BF500204,-1.850582328092839,0.4736255493702456,0.026781955113654807,0.037780952509576325,0.07947097893024377,-0.6330841682585222,8.470110878769663,0.16342223292468952,0.08554137283514011,0.35995252391627935
BF500205,-1.7444465472584678,0.5543458914745272,0.03284476369685968,0.03854381592335436,0.07864523461480467,-0.4378945927168215,20.389952419769195,0.15689532273691767,0.0842578173190744,0.8114358766668766
BF500206,-2.3546949857627624,0.7883805087074593,0.028953414180942792,0.038058973482972616,0.07146614574735141,-1.0883005621615753,12.472437300682248,0.15768019164589042,0.08679889115738591,0.3271588932990287
BF500207,-2.0601714792705716,2.116625889761573,0.036417580110645456,0.042686649414537314,0.11295497812281269,-2.6042462922604974,38.451783850079494,0.29450375930735767,0.12302693196352633,1.3193851744203111
BF500208,-1.1855487288970228,0.2916678095498355,0.032641720600183104,0.03613953919242046,0.053271458843608614,-0.18718943014703524,5.695704692736659,0.12390236656409534,0.07622423418676351,0.24799480718765313
BF500209,-0.828024436297017,0.22205980250423418,0.035451502383490936,0.04204934777706409,0.0453341368065625,-0.22587568360003865,3.8279306245344094,0.1059641970072576,0.07450974043653524,0.19909340814359414
BF500210,-0.3026745242740227,0.3312560130328902,0.03647535476526229,0.037297573619532204,0.022887887982312317,-0.2044265530960166,2.462675167345359,0.095719935376158,0.06965933910929774,0.10856941307817437
BF500301,-0.5000308868917013,0.37692895093399176,0.03994085353829709,0.040949061613377524,0.02225417628316364,-0.29312715973529047,2.786622426009888,0.07815239267440635,0.05497233062750599,0.09504357782059693
BF500302,-0.14377679331283572,0.2237084075537236,0.03693993638943103,0.04001170641876802,0.017896573040076504,-0.1213681760271443,0.9326863603332424,0.09714406923022824,0.07388831061484465,0.07844557124971846
BF500303,-0.7513511363594305,0.7205598430023418,0.04134531196596034,0.04246094236854168,0.029816417238370273,-1.048901286346206,6.292952140349717,0.10612819580772784,0.07495922122234025,0.19111624788519777
BF500304,-0.14141162097941906,0.2386613088366132,0.03125251522834835,0.036213074610923816,0.027649373070546816,-0.2498093311192601,1.0067012816573315,0.11149966848856765,0.07409828687450361,0.12431286963295707
BF500305,-0.1093195764520455,0.11813326502617981,0.03424944974042595,0.03762324060309694,0.015541274196986197,-0.026145054240866255,0.854932564967991,0.09984533065223984,0.07628556415624427,0.07566647711126182
BF500306,-0.26782170310339315,0.29990506758241237,0.03493305895907855,0.03730377237124561,0.022546256657569833,-0.2698996546252082,1.4670615960771793,0.10076414609758863,0.0739812692009865,0.09685556626778367
BF500307,-0.24928528051047275,0.27144800781527356,0.0384511309568356,0.040968906177667734,0.016998543512689774,-0.3164201920680214,1.2999623733395267,0.08554889698699375,0.06618831503106219,0.07201850050343203
BF500401,-0.48823213122142034,0.15047368495115301,0.035134521911119904,0.03733531365565888,0.019410340922221696,-0.03813937352000115,2.3484617884636725,0.08800166778056678,0.06889830421580377,0.09011675802400046
BF500402,-0.42223716871480327,0.12145285602586921,0.03211016004191837,0.03724521961443527,0.027267563820175863,-0.06824619147006333,2.1684737235496176,0.10056555779651893,0.06924434572825494,0.1268388378048024
BF500404,-0.3416435629450938,0.2055484486017598,0.03380684602773859,0.037468374665945256,0.025145938517914072,-0.17809346105094023,1.8412725143356337,0.09751663897402715,0.06909113345461147,0.11978167714142846
BF500405,-0.09202188465444903,0.14482895457435266,0.036308144346169524,0.038564912600403914,0.015740861232258492,-0.07108301143272824,0.6652621581005882,0.08544442780988154,0.06444523251428742,0.07101266437838921
BF500403,-0.28744901876364437,0.21698552111151262,0.03546763418800039,0.0372665593378371,0.020688767951988273,-0.1983817300864584,1.8412725143356337,0.09691698513692773,0.06908773201987531,0.09091818095967157
BF500406,-0.19803764224828532,0.24880990355450194,0.038397996405483976,0.03810801759874344,0.015661101434469374,-0.2696039935440889,1.2233472805791756,0.0754928716941542,0.058504439198717575,0.06436345131058349
BF510101,-0.1046475338713381,0.42039021363598295,0.04137585251894005,0.0409522071187057,0.020460345117959404,-0.5674100349826317,0.7952901043738079,0.07378997090596615,0.066087898553176,0.06410759369958961
BF510102,-0.0247037522051306,0.05410654500675654,0.04021459783905623,0.04030371391117038,0.003696725564371826,0.02398723434141305,0.6419893552582445,0.05520567747492567,0.05277741931493408,0.02470410915236856
BF510103,-0.12149763773015279,0.1392191261928972,0.03899878109351795,0.039944385733161135,0.01715743667907966,-0.09953835030596349,0.8438668013390963,0.08469566108859536,0.064399459822218,0.07173073897808348
BF510104,-2.6393098990180683,0.41747376627712846,0.03218348433564848,0.03858734549652552,0.07898897627531531,-0.35061545657212956,11.835036445330063,0.13293423770450313,0.0823708684964435,0.3427856240614964
BF510105,-0.08834717347261696,0.42039021363598295,0.04470891601601933,0.040972114390262736,0.019511383217998834,-0.5674100349826317,2.4004473547850336,0.0750507864917729,0.055346860239508654,0.12075960483155188
BF510106,-0.49306488256219644,0.38911230389411294,0.03870468799120274,0.040969531859011275,0.03818484655182921,-0.45189095308472005,2.862964537149916,0.12687382123751953,0.08526482270430595,0.15197412162345955
BF510107,-0.9586346930179085,0.20966931529359759,0.0380543923377292,0.0418369203700468,0.041387720501155634,-0.11485112452854603,4.413988015632813,0.08171089421228958,0.05071428613398033,0.17436448742843913
BF510201,-0.9185232826109443,0.6232092846891776,0.03961733779419209,0.042251049624814394,0.03544616853493186,-0.7953837688997044,4.962593971158467,0.07889939471537137,0.049567721089015165,0.1433659918978303
BF510202,-0.7190447197967192,0.42870000184657764,0.03649532379143808,0.035700383460608276,0.03270013887751342,-0.5939369261503176,4.945996897561209,0.11446010324575584,0.07536949883268862,0.21240890633242845
BF510203,-0.7190447197967192,1.0680871311065165,0.04694441837080054,0.04229290836203886,0.06321295620778704,-1.253694140618401,3.3782175978783577,0.09226967313048197,0.07630250701348619,0.16349937767094855
BF510204,-0.01783394863395231,0.25818907593410195,0.048203555936789294,0.0458896239984147,0.018567198436930717,-0.03315742371792328,0.3124226888789313,0.06591801693199494,0.06748804119988423,0.02456396136255133
BF510205,-0.05687754177987309,0.18728443100449763,0.0408994318130138,0.04053782891572861,0.015300841033897773,-0.15785387692241265,0.5055610038855646,0.07423114051431128,0.06458063821284298,0.04847868383641673
BF510301,-0.004244200123745638,0.10768297265998886,0.03915120272147523,0.03930615743841025,0.005330409590257735,-0.06108945281760368,0.3372753789382322,0.0570127901187585,0.05370421068374433,0.025271040454733794
BF510302,-0.033773917406852844,0.1537369961983391,0.0391121595838873,0.03955024743302588,0.007303695006261832,-0.1272909337920802,0.4786132622643241,0.06138623502223835,0.05659672691572089,0.036686183811725545
BF510303,-0.14965847644115066,0.40790012973247075,0.03576760797432339,0.037058183226492146,0.015686553865211186,-0.3308130982671476,1.0302444583032324,0.08007908429389124,0.06632458643973788,0.06525753376556662
BF510304,-0.31350377525121165,0.2829493990921903,0.03522868988608179,0.03714169595447599,0.02429241967581814,-0.34927911616978236,1.8030130968510916,0.08242849045212312,0.06909786897292826,0.10315628569679665
BF510305,-0.0348095922450912,0.08058782720140048,0.037948902215163186,0.03830656306936061,0.006640367556749226,0.03275116298270101,0.5479171843755812,0.06615946289352964,0.06058735534154963,0.03664052978568334
BF510306,-0.0348095922450912,2.026501807007229,0.08169680233813613,0.04097707644443575,0.15382826381914966,-1.660376390420078,2.8769665669117654,0.10034110812293327,0.07279885441675299,0.260386525647225
BF510307,-0.2266746784986199,0.1604161144503104,0.03488512216386583,0.03620852955415691,0.017150816909925957,-0.13247652685718744,1.940983223871583,0.0860232140774255,0.06929789820238039,0.08931002214372773
BF520101,-0.025278676304012714,0.10496747618890367,0.03794710745142839,0.03760212654442876,0.0038394688277947034,-0.06216362546131547,0.8594132906624249,0.054583312746355084,0.05276090600458208,0.018428592141015603
BF520102,-0.10917108257611592,0.1453248733499398,0.03799950037126776,0.03807928415274943,0.005604453946700471,-0.11097332264208012,2.781638614123776,0.06468742051472064,0.05559349858397711,0.07808466653328563
BF520103,0.01971311296940604,0.25900580775418175,0.03749843845744043,0.03759166022026833,0.005170339209879083,0.024238082808941335,0.5410413491398296,0.05579161030585355,0.05660835429541326,0.01661705559332753
BF520104,0.02140475189870423,0.12207588174385905,0.03755375925792813,0.037356078190409564,0.0032288142696656483,-0.09278686323973705,0.23797836991780924,0.053616469599922216,0.05372424331361458,0.009586637620940194
BF520105,-0.0043239522783551365,0.09360652031110865,0.0376516509554555,0.03733915656926832,0.0032898329131335166,0.022354487164799746,1.2442876723195826,0.057939368019353954,0.058327840389500216,0.03176991985057692
BF520106,-0.016762792123440055,0.2395871007618206,0.03818382104918081,0.03807105217063592,0.007232654668564296,-0.2582549283037051,0.464454248547554,0.05937969657145323,0.05663793053910658,0.01896088023395126
BF520107,-0.02511708259615781,0.04861573386283237,0.03897520073867136,0.039321138524081964,0.004301669359977413,0.027959015205158807,0.32657986548119444,0.05368351970686717,0.051667854492098826,0.017969267940876596
BF520201,-0.1223341960105158,0.11997573342384948,0.03628911850763581,0.036637559742745254,0.009022287881051805,-0.01279866069255929,1.1337027571918,0.06863647657523499,0.058640189757958136,0.050415229906076
BF520202,-0.10411061346530914,0.05937304609389165,0.0365797969289888,0.03665397367204293,0.00579963856388085,0.03051244861368711,3.4708783952962783,0.07113092581378551,0.06918552627768158,0.0982442698093042
BF520203,-0.49951562960961293,0.5831680053892169,0.04057774784210197,0.0362172199966097,0.029005683623828948,-0.8621013100810593,8.946247784864335,0.07860967632977632,0.04967970608784352,0.26579091021796475
BF520204,-1.0842830676507826,1.2249305180504009,0.03656871831283335,0.03790985149641565,0.036184492762951374,-1.9322714130352583,7.3008407516948255,0.06784227726673696,0.04713671623000073,0.16307625928288183
BF520205,-0.02679806284695154,0.053541678579460406,0.037150311763568526,0.037355198560940314,0.0032214121734177262,0.02701602352005596,0.5577163760816413,0.0575961058765747,0.05662398964611661,0.016732757979503906
BF520206,-0.008068849666285263,0.09235428262036294,0.037459148904304816,0.03736809913101837,0.0037476286106360363,-0.0203111075929233,0.3065213935350628,0.05607048225028398,0.05565491519325731,0.014131834506753078
BF520301,0.006145587500040641,0.09303600423750356,0.03694474213942324,0.03687196450369429,0.0034476761193164103,0.008373951169362823,0.20130376910397207,0.05328165779001386,0.05319522078129009,0.010570857404299715
BF520302,-0.09129955157654226,0.27994609670852133,0.03750254525869492,0.03806670888471788,0.008074261134347638,-0.3464933662854448,0.6845131506381135,0.051582571185095676,0.050748035545872136,0.02308175005349293
BF520303,-0.07745040947892926,0.1336627408274494,0.03736756629799017,0.03760226741653716,0.0058879092218331345,-0.06216362546131547,1.561924714949869,0.05563026344137728,0.050882253484373544,0.03800830238475088
BF520401,-0.1455758636723095,0.4306025290418239,0.03887967248553781,0.03730229033149364,0.020885498251534927,-0.11752632072585541,5.935950149028074,0.08939406635631547,0.04809124137852171,0.190391137552921
BF520402,-0.9885377742344112,1.2800877555633807,0.04990588247758927,0.03980700058096216,0.08171246451256285,-1.9946304691755878,4.5400905345447935,0.08132887796191607,0.04838949601901568,0.23032431381039334
BF520403,-3.2062309765633907,3.148240698538887,0.02860825842847199,0.03949683471803435,0.11491096430505664,-2.0464182507923745,16.27414890745422,0.16811945745635742,0.06887759050579,0.4696689437465309
BF520501,-0.710759849482981,0.1449976385315711,0.0357846304637124,0.03703235852158627,0.021317495313842635,-0.13018737881637726,3.379452343302546,0.061496296992483906,0.054215957803883975,0.09845445531765423
BF520502,-3.889450263791202,1.0817282448766665,0.027473814754534663,0.037459375783764265,0.09692283637952573,-1.3983800645718085,19.650949675396554,0.12853679755464792,0.06223708195310721,0.4796654143117024
BF520503,-0.10293275698842037,0.42446571955640267,0.037397357225254106,0.037088985410680765,0.007999737544178775,-0.5942204560255743,1.3687838158082395,0.05252089823521228,0.05072759826868282,0.03562995433384459
BF520504,-7.304707099890082,0.6709993896919774,0.023029419919632928,0.03805428683720796,0.15913170441117178,-0.9407089306873136,35.22058123488872,0.1500976029698308,0.07672090679036261,0.7506656764484491
BF520505,0.018398731087689243,0.07320140229005899,0.038076747473398904,0.03794326592576809,0.004498874405311061,0.018349219091413987,0.14231348700732702,0.05081462243366166,0.0480794669716589,0.015962827990967703
BF520506,-0.15127780090829002,8.955067564589193,0.0520498070462828,0.039570889566317755,0.20394942781838588,-3.4931683861317913,2.285224360441221,0.059349627275632935,0.04763144053830811,0.11116856978204687
BF520507,-0.7043318208390181,0.32605041220709347,0.03360806621583278,0.03571503054715005,0.03479342261492206,-0.3978633912172102,4.6482127854473045,0.0860695528245063,0.049586952006764336,0.16053067406834745
BF520508,-0.37617446767814855,0.25669961121509133,0.036750748639704636,0.03709737145677279,0.023445646502073307,-0.2340407778546727,2.1460738468297116,0.07148846922968047,0.054122917433005895,0.10602492349858465
BF530101,-1.6040077355615463,0.3728740116591022,0.0333608037615396,0.03525731078436829,0.044053347817606135,-0.26798886941313477,8.328182073541463,0.11566972521513107,0.08663917506355628,0.22215288188196453
BF530102,-2.2322142180942355,1.8863531692574422,0.049683778814854,0.0409255542347702,0.12668873624981247,-2.2708002973702692,34.17726197129204,0.627077469935905,0.12004380306816757,2.3256082242742284
BF530103,-0.19153589366604656,0.21790139065567582,0.03859706645764324,0.03817337176327263,0.020676866971512987,-0.14849066303022915,1.2437392997351362,0.09080025564595808,0.06616125492669021,0.0966626556022511
BF530104,-0.08182040058177552,0.23575682198445844,0.03747197538862359,0.03822105543717129,0.020631901437404444,-0.17285063879154178,0.642167573018274,0.10180323080129132,0.07601265767925192,0.08076929405206727
BF530105,-0.21592549412162043,0.11273189892138664,0.03327617003404062,0.03810720464934858,0.022613550288197608,-0.0541776602012327,1.3377701329327898,0.10663807039091397,0.07380645104453075,0.10634163393125005
BF530106,-0.41642896961231946,0.5792375185937133,0.028253029056680107,0.033299574648009186,0.031179183919806147,-0.7947129246812048,2.0449364288714214,0.1257503972597237,0.08552104411561967,0.13538592486888834
BF530107,-0.8067752754737046,0.3760189193320305,0.037083466073878274,0.03601781098059181,0.020845638233060845,-0.4946460263274189,3.7726747492838295,0.08428111635713507,0.07468569901490654,0.08639014858411359
BF530108,-0.2442080705659464,0.1072861081560231,0.03149019194057225,0.03814892664113569,0.025829325304069343,-0.03202784330018663,1.4793502222025945,0.11766390704795031,0.0739031782300208,0.1291264386932102
BF530109,-0.18712592391793373,0.1206708803226883,0.03504744572807924,0.036143205960228256,0.015258977193551342,-0.005101628392280656,1.178870462937214,0.09530194438716558,0.08175431848049305,0.07414923295832722
BF530110,-1.3554950747084582,0.24696289918210823,0.03591694986035311,0.03575628688396856,0.031273810063725566,-0.2917218911288295,7.092044717166573,0.09533104681822527,0.07455078599246706,0.1528589235475765
BF530111,-0.10556870884680133,0.8457954982157043,0.04010887670058336,0.04083199200351125,0.02447084149418222,-1.104833746165414,2.4956885268163336,0.0814508232670216,0.06998556456684676,0.0785281656709852
BF530112,-0.6421738699933658,0.3484196275854802,0.03627155341081029,0.03711907552549339,0.01924396008619188,-0.4503960824549722,3.466674730822671,0.08727548279724259,0.06976224350324874,0.08712515559472679
BF530113,-0.8007426121108611,0.43002274286395514,0.030912037727974406,0.035668328206233654,0.04229017879467352,-0.5371269626955923,3.6970932012218762,0.13830216556813002,0.07686809962225884,0.2027783659604967
BF530201,-0.019245149786694952,0.0567557457501867,0.03606220940654293,0.03640131948873782,0.006953886811085445,0.03717002634047752,0.49083610096325475,0.0837336554079501,0.07324512314469642,0.045120150834635935
BF530202,-0.16072062721026928,0.16131572268204764,0.03437446213570392,0.036162891216577724,0.0163941481226102,-0.133851622078856,1.081094399102897,0.09444628572797845,0.07390404170333291,0.08149041396901902
BF530203,-0.041939785541866774,0.3452136040312087,0.03962595345182199,0.03809261293524628,0.016521131146940725,-0.22835062407636403,0.6165455209958877,0.07170972801522177,0.06454236833544962,0.04289402908232287
BF530204,-0.154233140639484,0.16151968353577623,0.03395986057615641,0.03613232290205192,0.016611593565553365,-0.027031409749594917,1.0017919654977352,0.09323535040627264,0.074020554964858,0.08478277274573168
BF530205,-0.6414875841025302,0.24764884990595637,0.036222351250912256,0.037127986369916606,0.02720116429272699,-0.02399467824753152,3.0073225650980713,0.08305629124292067,0.06994587592474577,0.11376051271415585
BF530206,-0.5587101139376284,0.2830940682684914,0.035888529093998256,0.03719525526334933,0.027392322077072873,-0.14809748099512599,2.8212405294179916,0.09919099638571459,0.0698215115156298,0.13158625316681666
BF530207,-1.2192302754237538,0.3953685226318027,0.032699444332785245,0.035310784830653905,0.037642386213923185,-0.29865550958285375,10.672789657754558,0.11462636964224676,0.08154217387631076,0.2997794363030592
BF530208,-2.1225772330473687,0.4081240471901505,0.031148177650472317,0.03722302126023914,0.0742203554644779,-0.2931441898219332,9.437031455519554,0.11214875791668451,0.07968196658735331,0.32442620306053555
BF530209,-0.3973399234846944,0.15579954703294097,0.032247130512808385,0.037130937794644096,0.025031934652345694,-0.04162049928813109,3.660298608332163,0.11617697773760126,0.07008776577450562,0.15673469446618657
BF530210,-0.3994759370744716,0.1989249593337133,0.03784967958386451,0.040853882735619976,0.02071084102808447,-0.19249274684920065,5.0455314467350645,0.12422223793464311,0.07284824889291487,0.36306927711721576
BF530212,-0.1797184677761401,0.4822237584074693,0.03665230235475366,0.03715313826143804,0.02126348834265378,-0.24297926664058606,1.161947079440844,0.0845705979080681,0.0665051142805344,0.0693401379147598
BF530211,-0.10382509913982912,0.24308566653746225,0.03967643488458204,0.03999647354465103,0.012939872922607927,0.028090424870329332,0.8317341138761203,0.06751257327946081,0.06055465182243279,0.045634565445451684
BF530213,-0.15591059857979417,0.1084438501711702,0.03634116363590552,0.03808591830517369,0.013355955444791992,0.006288462292840926,0.9678564917939227,0.08240608627882998,0.07221780822282127,0.06478752020877329
BF530301,-0.14015725424438383,0.17391430125350044,0.036452300258077046,0.03805423936883498,0.01763231271733333,-0.08638703328047302,1.036589229858475,0.09383537606609231,0.07401394607304126,0.0759606057122747
BF530302,-0.24189522934223837,0.12962042479401653,0.03771883245273103,0.040024442581568974,0.014996308592621552,-0.05594984854784949,1.4329810020086977,0.0732755192470218,0.05833840349710203,0.07194900212767745
BF530303,-0.07975339080786355,0.3582567355784011,0.04128815231178193,0.0419139143137965,0.016281126295002894,-0.4642560097355662,0.869939710645364,0.08606941212517749,0.07396845471109802,0.06015167768998067
BF530304,-0.13712869079158518,0.32284574152713286,0.03863949844939062,0.0400271577215263,0.014671953667194176,-0.23555144853058405,0.9653690627071357,0.08562626015025783,0.06635023335327875,0.0630514616939003
BF530305,-0.748785627955277,5.466849370267785,0.05405894969041624,0.042687617747255525,0.1356539748875687,-0.919744579650883,7.897895483388787,0.12428850562936611,0.0816163311849805,0.3375288091286831
BF530306,-0.5321687327232212,0.81213551524256,0.03499329074460888,0.03606631529190206,0.03874583432079192,-0.6188543141151535,2.9178488945499774,0.11194469109534608,0.06994727918833664,0.15627665818753173
BF530307,-0.2541822203091301,0.19416856407908545,0.037422157163091795,0.04001628884605777,0.023017401366158895,-0.19563236435420722,2.1547340770041394,0.10206029182120659,0.06997516711602775,0.1061356011699468
BF540101,0.030630075498179178,0.2777772948770906,0.03943580733604169,0.03856858633994255,0.007019152766221459,-0.17852994175475378,0.08687460732956727,0.05593028077086744,0.0556360599505071,0.010450138098412033
BF540102,0.027381628280549887,0.3233705799670826,0.03959291792556363,0.03811255904496469,0.014320106380883374,-0.34611214839553994,0.10336077626284566,0.05696888391912227,0.05766221882686562,0.021335781615545262
BF540103,0.030068311873557314,0.2709656845282076,0.04006202798878878,0.0385108346434204,0.014872681446131845,-0.32869800692839946,0.0863973268729058,0.056860128923732045,0.05952397913583218,0.025298768267878486
BF540104,-0.022784332877823284,0.5691466303459103,0.04027882393607536,0.0372310060221968,0.019626752522161128,-0.8355720130078096,1.1110795519004266,0.059609554221966864,0.05884687531236561,0.031386396655695634
BF540201,-1.2778947293055742,0.8755473824373136,0.02941113194695438,0.03786400934501538,0.06789135329304898,-1.3306217091379775,6.216765484273007,0.11324895613071348,0.07279588999589631,0.29092116322669476
BF540202,-0.4932007796485864,0.7052625866428051,0.033711525370993194,0.035853715731956816,0.04852561483097585,-1.052393611490732,2.3793228865390468,0.11167334002948498,0.06942540910294372,0.1913176605635609
BF540204,0.023613263308583383,0.11531437605264641,0.03984503522712723,0.03930644736513838,0.004399217629828515,-0.0020858123157051437,0.6121033450499886,0.05979341645263701,0.05663684765859643,0.023450751984404588
BF540205,-2.3923249405232214E-4,0.08616160622858886,0.03736597127159911,0.03731924027512678,0.004430856102508144,-0.029311051371873224,0.2938918172980526,0.06201582772492343,0.059579404257929854,0.023317805729579477
BF540206,0.015885530566308825,0.13506444622284366,0.03982623315238272,0.03931716104791681,0.0065708317134498114,-0.08532297143912208,0.3164269054042442,0.057917710680882625,0.055582678125498844,0.0236225750379287
BF540207,-0.145562812813469,0.08932453626766801,0.03763069865879711,0.037558060301403934,0.01104592475869891,-0.01921461613424721,0.8564480815049527,0.06898485057468275,0.06045014546574226,0.04910053229672693
BF540208,-0.0343245940831756,0.061957377824001014,0.03747859377710924,0.037380937749916694,0.0048239450352115095,0.028254116114805498,0.5687913755869626,0.0636432288993948,0.06437058379823953,0.023374946804445997
BF540209,-0.7100868941748298,0.4054077648408046,0.036089027842545564,0.03602082908910432,0.02717688784693936,-0.5123881797965927,3.8768750946027075,0.07518883280350462,0.07203239979603207,0.1301542276777701
BF540210,-0.4361579792734812,0.36861049729798523,0.035168302904554354,0.03724672549552288,0.032641352153023474,-0.21332208405891878,2.5461756000517024,0.10768711442914279,0.06983784082110091,0.18222412633554608
BF540301,0.029266248513262587,0.047275125373354446,0.03812362906381611,0.038013497367592866,0.0025439639662103142,0.03428165629607281,0.1491818752984684,0.061255489385677,0.0612744969706892,0.00945744637726822
BF540302,-0.07133601060541835,0.13523182093229566,0.03826679032509556,0.03858421811371797,0.005861912186194131,-0.1179796302395906,0.5311851547629063,0.05821717665462607,0.05670742869898048,0.019149759608955604
BF540303,-0.1543433608575946,0.11316528047124545,0.039321891464191294,0.04000587076119594,0.008417157142082169,0.021815434964602382,2.0935587702939906,0.06827415411222058,0.055332689124677724,0.07648775953571209
BF540304,-6.32138146708409E-4,0.054040842764412185,0.039812916915331745,0.03991399190575309,0.003492334737205024,0.02909985098336793,0.33913433172606994,0.05771007234464995,0.05566789533769673,0.025346822072383268
BF540305,0.021147470366919323,0.0628109650112622,0.037956748961601665,0.03795798932551404,0.0025378409926136696,0.03114921027251209,0.1517840777745559,0.06087369392325634,0.06032061041717097,0.010415452636360869
BF540306,-0.3074394082872286,2.215685869744491,0.06509614093,0.04121110285229802,0.12512792858065416,-0.39428033348044017,11.875299410961036,0.14876470690626478,0.08217669609249545,0.5453403758818468
BF540307,-0.5338979054774556,1.5663736930915289,0.06929409542554421,0.04109398584632681,0.10883721424230275,0.03312946694010558,10.707900849126634,0.2603408414114849,0.08253078680997616,0.7817380567138595
BF540308,0.008986516279124078,0.19416297244883718,0.041564283571906814,0.040508186403837125,0.007321002218767637,-0.007401873299732827,0.5590178157692121,0.0646531487300521,0.06050907982397885,0.0319625332996254
BF540309,0.031097525427564204,0.057398552202530914,0.03957738319834152,0.039477716917181126,0.0028597533240420094,0.030105312759544523,0.1566282617138876,0.056867855613180335,0.05621119790584837,0.011108591340635502
BF540310,0.004688153174010083,0.23404460364863985,0.040365811809188336,0.03956026724895847,0.007475010935418227,0.027474549717486037,1.4709498126591956,0.06161012927134239,0.05847758636344032,0.04647446665505771
BF540311,-0.5870583467857657,0.3355367447099222,0.0411181960321721,0.04071628234199829,0.02441420635561768,-0.4433257627329329,2.779066784894288,0.05863597874530302,0.05565184195564127,0.08016316724156057
BF540312,-0.5890086977659459,0.2247835711653655,0.03789076747316206,0.03727069352968538,0.019805643715069415,-0.22103299098671414,2.780536956649961,0.06334402061611558,0.055697034258356606,0.08319964053558658
BF540313,0.032091579141013515,0.05587088374609482,0.039891827750606026,0.039849337154767475,0.00258324984466587,0.03068677075844746,0.349180062703367,0.05602568454881644,0.05569135591372913,0.01580205707165839
BF540401,0.03072929591941093,0.07985116973395634,0.03934801121932976,0.03919196527736911,0.0034088523700636655,0.02879597525489295,0.3519174848916009,0.0577596866905937,0.057687937007280185,0.017429147280250315
BF540402,-0.4418528285819948,0.7052625866428051,0.03254705875406647,0.036186477089149724,0.038284909543553035,-1.052393611490732,2.314665317607467,0.09324292995261416,0.06870717101008735,0.13852300595442027
BF540403,-0.8280714534090033,0.5811440348625183,0.040951080768147276,0.03687063052143826,0.044940921929653,-0.002537671024800234,3.805576923452983,0.07859280369982004,0.055730891267807475,0.15310104222066
BF540404,-0.12980205088110996,0.06729555232561238,0.038538350339325886,0.038563675695152004,0.007960336015714005,0.02372472845101064,0.7751213866812621,0.06207386029225771,0.06061909915687393,0.032488295726523536
BF540405,0.030494156900593743,0.07057421067396977,0.03925473870973303,0.039184973246955336,0.0030739320199427126,0.02579344223358064,0.29053233480746193,0.05777680398987131,0.05757308751992908,0.015000939872411464
BF550101,-0.6714429265675357,5.880842538937161,0.06118715502039766,0.044199149790486114,0.18376316367857146,-8.166783253555748,5.126108092050778,0.036054410312477775,0.04403094084725945,0.2895080309424508
BF550102,-0.2543134468841821,0.06246552796455078,0.03865850531508235,0.04005952500644003,0.01925050566578034,0.014052291084746165,1.529927755148189,0.06385934115954771,0.0506859340946772,0.09892316814994463
BF550103,-0.22399443557757573,0.27620982824300017,0.03982939563872875,0.04094741217230378,0.020486210678751126,-0.31110675515910335,1.3838749372447463,0.06789338609066456,0.05836347115209705,0.08182532996305793
BF550104,0.0035727231962872402,0.6344863104542517,0.04631272237202917,0.041106884467978506,0.02784770004801699,-0.9264633188403899,1.4341974066836494,0.053925323826246686,0.05404121193973892,0.07063197634912552
BF550105,-0.257920661145666,0.12141784036620742,0.038519405516533524,0.04006471142139145,0.018295338973669625,0.02206762991062576,2.1298658599650175,0.06868159281989,0.05409845314402721,0.11836314945322093
BF550106,-0.09961346916749053,0.23400075024082548,0.0407594296214905,0.040056792681571245,0.009099891505168125,-0.06166962197970688,0.7514736554571538,0.05833371803637177,0.056550751577096624,0.029593977857885423
BF550107,-0.04490943809062065,0.6739717523478681,0.05076488455493908,0.044714660053899125,0.03643970791686714,-0.4378262727210919,2.709631742820853,0.08887874166338981,0.06877230525649657,0.16452396535264774
BF550108,-0.11503762451216712,0.12477099697363363,0.041109557406214865,0.040495293397614956,0.008158239965862433,0.009716203470209924,0.9755629963321899,0.05365533344604345,0.048713247859502304,0.041058881896901565
BF550201,-0.023675113384212767,0.13098901962595327,0.04098894713609835,0.04054682854077301,0.005836961867401173,-0.003553145833956521,1.7630039927150523,0.07232576161690384,0.06630643050257179,0.07790152226601045
BF550202,-0.14940491538990977,0.15594577844673213,0.03840189445757014,0.040007188746051095,0.022268152323769795,-0.04648612149356354,1.301634064571339,0.11740376214565701,0.08215022422395549,0.1328206446731245
BF550203,-0.4695131722352623,0.1907943557681782,0.03713493401382751,0.03733197141094647,0.02524703332371246,-0.05924228210711763,2.313100092853087,0.08406789038952027,0.06803371447829064,0.1177292201728046
BF550204,-0.7757714592527398,0.2594530920010757,0.03910471587212154,0.04225035554093307,0.03402700703631152,-0.1991737738752861,3.598654618795817,0.10456558642498394,0.07030753980691704,0.15217658406698245
BF550205,-0.0165753214858428,0.0630547309937399,0.03838946371094505,0.03880873351074495,0.004584855391838802,0.03499011804177869,0.4085210100525901,0.06705236495285509,0.06355044315618943,0.026866758395890276
BF550301,-0.030485815745556637,0.19921337766988603,0.03895268069681754,0.038566434501809015,0.007743360733456656,-0.21323308640525543,0.5307992929370985,0.057874176336857805,0.056596134058687186,0.029271470384504394
BF550302,-0.2288483390691995,0.14343398486389128,0.04068201609455676,0.04004698863501942,0.010596125101740569,0.01983634452889895,1.5836370057475593,0.07571286367509288,0.06648998913660213,0.05524629000107562
BF550303,-0.11338732710906438,0.27596818989453215,0.06004938265129161,0.05162317033151925,0.028042210605275585,-0.18042751164397314,1.6249280320036978,0.14357143421430796,0.1056812901701285,0.1464585510307593
BF550304,-0.4592869959416844,0.2730783294398515,0.041108903718905444,0.04113759931714078,0.029760060740790274,-0.21767177470471888,6.58470922992343,0.11182198340671638,0.07503276540617107,0.2891795321139575
BF550305,-0.461825017756339,0.7836513215540132,0.03928068765369136,0.041702830409091174,0.04041719693051633,-1.056051877062557,3.563744120649062,0.08626433703003036,0.07140259307209085,0.161886169334335
BF550306,-0.42285938277131035,1.1947719968323196,0.046831320379264865,0.042497352508795536,0.054314054342922836,-1.0623402564475934,8.714779313121523,0.13323197162140277,0.08019230448643386,0.3994141656862292
BF550307,-0.013452770560910548,0.7934477091877765,0.0447336190657985,0.04102547919328797,0.03713192313386188,-0.7022423056630596,1.0291870264779954,0.06238799783708748,0.05858663628459398,0.06253628650517619
BF560101,0.023769925704636125,0.182337420298219,0.038353889123662076,0.038575399085948314,0.003465878657830305,-0.08373347173827435,0.12527645878331636,0.060096197639228674,0.06003038272732136,0.009576274845996841
BF560102,-0.49264229905037654,3.4513784760520574,0.04112198334422951,0.03820672675187558,0.05717398774552105,-1.0067251224491407,41.059153250285554,0.09013991931111018,0.06238711196667757,0.6498763881244546
BF560103,-0.15531990199261123,1.780379178372338,0.04178298586183076,0.0367156268161406,0.03539787059422592,-2.834795247980115,0.9163499464879611,0.058735719863140474,0.06883483021184651,0.06150140962651658
BF560104,0.028602214880742223,0.07863513788574242,0.0378086190325631,0.03771858920963381,0.002605778822026754,0.026872657411288293,0.0936516566878362,0.061259569720131725,0.061287365351732515,0.009328874724563006
BF560105,0.023769925704636125,0.4001512577881277,0.038968682419723,0.038095756651546964,0.012125002349697132,-0.30063457320093656,0.12516474581484327,0.06166427774712953,0.06153743131220991,0.014548931589483545
BF560201,-0.25884487522056415,0.1868552106174147,0.03739807869940818,0.03805636307666014,0.007005701824750338,-0.10892925134179504,2.0518387695552693,0.056258417927507964,0.054668189163305084,0.04084236172903767
BF560202,-1.00731521161894,0.5033197164469,0.036971643312809256,0.03634943040694443,0.02291641514643779,-0.3601487837787274,7.58431282994293,0.08200503010384885,0.05419380938564402,0.2704026140896242
BF560203,-0.49264229905037654,0.3218743789586283,0.040719426270870614,0.037400126247973745,0.021774181240525662,-0.027632839734862847,11.839600291990099,0.1309110722866347,0.07855068110152388,0.48169362127638576
BF560204,0.02956683495098592,1.7652030711913194,0.04225117203436671,0.03683016143958663,0.04583466642057489,-2.8305677938610425,0.10106145812287218,0.048878368503043126,0.0546220925498841,0.07685528084415538
BF560205,0.002735079167732259,0.044315614564679674,0.0365189233497701,0.03649930340544514,0.002604038184679973,0.03363368332585586,0.5751625025947024,0.06055178596071883,0.06058004186295679,0.02260240575760542
BF560206,0.027967598986877073,0.06753798278112386,0.03681959284142391,0.03673600253346844,0.0025541150925503992,0.03382582310587168,0.09585874149620179,0.06058317469529111,0.060418499182812675,0.008177086957764817
BF560301,-0.03350193550444861,4.047010588686957,0.057497296510950244,0.04115634588680322,0.12055368023042674,-6.6236689351887135,0.5583083725022377,0.028760846945177682,0.051192685755186436,0.19886335047158177
BF560302,-0.019404030793036025,0.193149651413218,0.03837107572588736,0.037593528969737215,0.007170169258932725,-0.09904606772692032,0.40154346028741983,0.060304259525991555,0.06056261956704003,0.014071658052270588
BF560303,0.029771868710494823,0.04628500730974511,0.03781894318625443,0.03777372324368492,0.0024740145011008016,0.027836175705444822,0.08989348398712796,0.060107030811232344,0.059924142840603954,0.008246200005682986
BF560304,-0.1597733824026017,0.35215408427064265,0.03865396060171053,0.037327317687911206,0.013082098006066275,-0.2731286593202856,3.6471728881200156,0.07414350076757768,0.05656932315785705,0.1372995620488538
BF560305,0.029034746167044864,0.49722608075327507,0.041249764477596707,0.03807708928704125,0.023538002540921896,-0.41729262630992925,0.0869984691235004,0.053206831829941584,0.056598361306409696,0.02551311669225196
BF560306,-0.10734611846107457,11.071310442807555,0.047172320056844706,0.039229428936775515,0.2483840356647789,-18.331779518753354,0.7435950362012678,0.04534172101491752,0.05774342743388818,0.414106535438057
BF560307,-0.0075195596811162045,0.06587627573823002,0.0369238740469282,0.03685876439338506,0.002717276838870851,0.03288385561124111,0.2803467656749057,0.062068103689012215,0.06202209216495616,0.009919651694663979
BF560308,-0.008413862247141964,0.12679262186187165,0.03819959124942601,0.03760848662258425,0.0073229827338772,-0.05048879525150239,0.4940017849065563,0.06372818594027856,0.06443939485364919,0.018959820646998252
BF560309,-3.291525132421936,0.6664078781115157,0.03635181736096969,0.03815326159576334,0.05469338007200813,-0.41729262630992925,16.682749434596015,0.07248820810095924,0.0595065230889,0.2704549520865439
BF560401,0.024284110038674304,0.05544465664951574,0.03719701063658114,0.037227462551475125,0.0025535669965050054,0.019171336507757326,0.197298635906052,0.05184301110130694,0.05126498628849416,0.012020081734712047
BF560402,0.02710057271040222,1.434396627134577,0.0381640462824646,0.036319217867222954,0.022103793596208586,-2.275835943987615,0.1736358400362189,0.0513727468124077,0.05429689158456773,0.03771723790835335
BF560403,0.020058900038878034,0.28401706623151857,0.03768201679364779,0.03803478992431842,0.00769717271973054,-0.3081491730505756,0.17389975280855738,0.05499905591739069,0.05566141368841475,0.013048601145166502
BF560404,0.03008304266300651,0.05550177455491697,0.037354171362602794,0.03729286518040343,0.0023896927787068764,0.02349169106829712,0.08821417489976045,0.052859537020969426,0.05295783225008793,0.008130585655931187
BF560405,0.017372065676595196,0.16053448048131985,0.03735809513686411,0.036629328110156914,0.005775521640884651,-0.11019990069741782,0.13734132917133615,0.05561166628615169,0.0561590568927925,0.01209763455230309
BF560406,0.022228755056858063,0.04930455950255107,0.036595848088113274,0.03655622977990814,0.002311785314568623,0.03051788636644016,0.18956481842767625,0.05875651137492119,0.05908400002775226,0.008540376909579178
BF570102,-0.5458825826644897,0.3986470422574452,0.04363934390459067,0.04106773959337396,0.031670919255759725,-0.10886027625972583,8.040970206970261,0.10610058378132615,0.04942770568855938,0.3294568817551134
BF570103,-0.0308739073869739,0.15302834923481679,0.04279466652261058,0.042487904616456774,0.00907921556573916,-0.07095815723143806,0.41149196487614453,0.04998975759243542,0.04784554279427133,0.024396066483216943
BF570101,-0.24864926288067918,0.17418755857250376,0.03871434745990425,0.04001258383590521,0.018531525154095552,-0.08391336290237848,1.33200909043981,0.08625974460923716,0.06622639466379182,0.08662620200078369
BF570104,-0.09275930604919613,0.25051789112677353,0.03954930460928761,0.04000161581009226,0.014261364301716376,-0.10592324526875191,0.7549057140602686,0.07133876419593219,0.05663375369896029,0.060368167074731326
BF570105,-0.002224113830986122,0.16212980063158153,0.04259073140915891,0.04153229000118362,0.009244974663342679,-0.14419337049046244,0.2749785309618649,0.04936818423762344,0.04591935124531858,0.02612719637392689
BF570201,-0.5179563260926876,0.7276459002944952,0.04022783959177941,0.04253549659611729,0.04471400389536463,-1.0202133599086665,2.4959737689939736,0.10431468620220323,0.06973749179780486,0.16066864622658023
BF570202,-0.20245995934376315,0.18275488381429264,0.04002409627895096,0.04198806119183827,0.022370656432932918,-0.17460584504685053,1.27699506239705,0.08862505881711961,0.06601803880718876,0.11241410483721372
BF570203,-0.462110528942763,0.5708251891607817,0.03802775890717155,0.04244513174359145,0.04027070606637673,-0.6693005067534701,2.2609997759954283,0.10218393918035101,0.0695329860653582,0.14645986920563173
BF570204,-0.3732094950738385,0.178029903231488,0.03417687084296382,0.04094699412029061,0.03277905496509719,-0.13180360898591711,2.125094014431982,0.11304937581502286,0.0698209403021161,0.16762384221718143
BF570205,-0.3593159924196135,0.11193437186219464,0.040196239958743496,0.041959479824193686,0.01830537314495737,-0.04080786012318207,1.798769693790486,0.07344710315259632,0.05870864789884265,0.07417665133612779
BF570206,-0.3787577448556909,0.1557734861687225,0.035240411071500104,0.04098593165505848,0.028508011345508646,-0.0685137895994731,1.8892428893817677,0.10280310741598878,0.07379075975184717,0.1337004773605906
BF570207,-0.0891467259914082,0.2826895769685507,0.04388700767659709,0.042108444849513024,0.02394509926815076,-0.11660829816814623,0.9379518214430261,0.0897579084197314,0.0738694754217709,0.0806030641240872
BF570208,-0.04983258757662649,0.8122153474042924,0.04051788686599448,0.04097895002464243,0.02028325845942647,-0.7222225090109056,1.1145031308489186,0.07031763229847889,0.05852684807376278,0.06416274662187
BF570301,-0.3499428686558358,0.23194524382623577,0.041057710742546584,0.040973932849713506,0.021717532401862995,-0.26112006555610734,2.779872101451647,0.07291726998378074,0.05436605720581931,0.11443232599155322
BF570302,-0.36726846772944555,0.14275055389485455,0.03721023157439269,0.03748348117544683,0.020181973174231597,-0.035143786267976145,1.8327623605534125,0.08385453566256156,0.06660777084556332,0.08765300489297234
BF570303,-0.08601530539497271,0.32085809282891986,0.037318872977209094,0.03811549161692237,0.01834382738783433,-0.35481512286545086,0.9317010880747277,0.08387185332351621,0.06645759954131755,0.06981349170237011
BF570304,-0.038555465186835225,0.32294872625719845,0.0429475885210694,0.041965293052718254,0.017596754514132708,-0.4257512688165575,0.44574134537695154,0.05762271079962989,0.05261866711551512,0.039487968221508095
BF570305,-0.6853152935190814,0.24242221928822497,0.03748856181196397,0.040956468984999744,0.034674707082851135,-0.285487200327528,3.1828070290239774,0.09313421708223332,0.06909186921398333,0.14958750633030685
BF570401,-0.004580546386672982,0.10062080069300941,0.04090137086159386,0.040769628661347944,0.007425709427529924,-0.0489130318358851,0.47551553173079375,0.0617219041681904,0.056515784267398714,0.035388048421584224
BF570402,-0.029944812428723145,0.1831467596473106,0.04371826907518473,0.04347505268401437,0.010683344546561587,-0.14338210975429752,0.8989117672483969,0.05738152047776093,0.05087171841103274,0.043582094029597465
BF570403,-0.33879007210184464,0.18578151184677458,0.0311069165434231,0.03705748047907186,0.022934113052613874,-0.16654975520907014,1.9866576365547233,0.09725366307170512,0.06935898218305662,0.11008329984628289
BF570404,-0.31591615524320377,0.6744374242566881,0.04860487083517701,0.041150761097890766,0.0517436864404622,-0.06843189590810132,5.946260559416952,0.13279803846878002,0.05080079692066977,0.3820827845153472
BF570405,-0.5680315508008269,0.6767133846892864,0.038686367770846386,0.04265102567197581,0.039276749481833115,-0.992893528801644,3.0753627695597796,0.09535899930812441,0.05000382338596513,0.15083627039368053
BF570406,-1.2177669386368333,0.34585908041723695,0.03487924165789906,0.042641858443155455,0.05124211904938019,-0.25690170498386405,5.51450809122928,0.11973282888762556,0.07528800963388188,0.24432120529478527
BF570407,-0.5471744502962489,0.37709262445267605,0.036312837432882064,0.03722044399163042,0.02081953117565181,-0.49322897479006705,2.5942622615430517,0.07988920283582016,0.06898145815864562,0.08945419435184852
BF570408,-0.016557871563626186,0.06634985772827695,0.042526396162934056,0.04273903245047102,0.0049032649604720735,0.010897524613634838,0.45667402590403244,0.05104061959369995,0.049664410208065266,0.024549075936679127
BF570409,-0.048735321961257363,0.1846137853235199,0.04207535276786866,0.04247616731644066,0.007309612972172405,-0.1779336251069513,0.45667402590403244,0.05568046479679091,0.05269520403403348,0.03166298993043338
BF570410,-0.039067579325222014,0.2021556104068406,0.04307848188078067,0.04249472859110637,0.013089806855353029,-0.1027140180646841,0.45189034337333095,0.06547483116934472,0.056614975743231724,0.044792862178881655
