ADM3_PCODE,inhabitants_100m,inhabitants_inside5km_events,exposed_to_conflict_indicator,inhabitants_inside5km_VAC,inhabitants_inside5km_Battles,inhabitants_inside5km_Riots,inhabitants_inside5km_Protests,inhabitants_inside5km_ERV,inhabitants_inside5km_SD
BF130001,20390.675171375275,0.0,0.0,0.0,0.0,0.0,0.0,0.0,0.0
BF130002,131796.68652534485,70672.37874031067,0.5362227276231272,0.0,14512.571966171265,66354.03873968124,35135.30200147629,0.0,0.0
BF130003,44651.82880830765,14278.111783266068,0.31976544218519376,0.0,17.76204824447632,0.0,14278.111783266068,0.0,0.0
BF130004,3464448.123003125,2632857.1180278063,0.7599643650445365,862271.2623291016,1123898.3449306488,2510143.9135752916,1767437.2775708437,1181282.31142807,759505.0721054077
BF130005,26230.10280418396,2068.8059315681458,0.07887143817210472,0.0,0.0,2068.8059315681458,2068.8059315681458,0.0,0.0
BF130006,120411.8643040657,78027.6199939251,0.6480060785114055,0.0,0.0,78027.6199939251,74662.03644537926,0.0,0.0
BF130007,62347.76648759842,19721.528426647186,0.3163149145137379,19280.909430980682,0.0,19280.909430980682,440.6189956665039,0.0,0.0
BF460101,39561.28159952164,0.0,0.0,0.0,0.0,0.0,0.0,0.0,0.0
BF460102,18121.36532664299,0.0,0.0,0.0,0.0,0.0,0.0,0.0,0.0
BF460103,30411.104430675507,16758.46081519127,0.5510638672591945,16758.46081519127,16758.46081519127,0.0,0.0,0.0,0.0
BF460104,49347.46363449097,0.0,0.0,0.0,0.0,0.0,0.0,0.0,0.0
BF460105,33253.734045505524,0.0,0.0,0.0,0.0,0.0,0.0,0.0,0.0
BF460106,33772.346992492676,19108.95650243759,0.5658166578320826,1192.7922630310059,126.97627925872803,0.0,0.0,0.0,18981.980223178864
BF460107,13972.343615055084,0.0,0.0,0.0,0.0,0.0,0.0,0.0,0.0
BF460108,14425.614769935608,0.0,0.0,0.0,0.0,0.0,0.0,0.0,0.0
BF460109,21113.811511039734,3936.978982448578,0.18646462673923456,0.0,3936.978982448578,0.0,0.0,0.0,0.0
BF460110,21147.35732984543,6733.515661716461,0.318409319741025,6733.515661716461,0.0,0.0,0.0,0.0,6733.515661716461
BF460201,22960.227344036102,11264.819051742554,0.49062314945538116,4633.599616527557,6458.816838264465,0.0,0.0,0.0,11258.083723545074
BF460202,64385.94656801224,21264.954826831818,0.33027323446070944,0.0,6.8697710037231445,0.0,16838.283173561096,16838.283173561096,21264.954826831818
BF460203,11889.035991191864,1955.7013726234436,0.16449621096885808,98.89644265174866,879.998904466629,0.0,0.0,0.0,1172.382128238678
BF460204,37768.933490753174,20304.698287010193,0.5376031677458225,13298.545442581177,6779.017916679382,0.0,0.0,9143.237137317657,17334.80375289917
BF460205,159737.24788331985,71491.06347370148,0.44755412041355663,27344.999379634857,29730.29918241501,24906.254597187042,24906.254597187042,34059.59977579117,66209.54279136658
BF460206,41210.15443491936,11067.703052282333,0.26856737627035276,5022.655210733414,6069.926743030548,0.0,0.0,0.0,6069.926743030548
BF460301,67398.77967834473,47243.56821465492,0.7009558398552773,39186.772436618805,26212.67190170288,0.0,0.0,29498.121763706207,23952.207609653473
BF460302,13124.983716726303,7305.522966861725,0.5566119642153662,7305.522966861725,6260.0540153980255,0.0,0.0,16.027098178863525,6293.083018541336
BF460303,11157.023688793182,6318.027995586395,0.5662825652985412,3913.560200691223,5546.474117040634,0.0,0.0,3184.309332847595,1670.7627878189087
BF460304,60454.7646651268,24743.343152999878,0.4092868988914123,4809.902407646179,17456.86035633087,0.0,0.0,0.0,15079.704400539398
BF460305,35072.89228057861,8002.878839969635,0.2281784683152914,4851.176091194153,0.0,0.0,0.0,3151.702748775482,4589.850232601166
BF460306,34564.547753334045,13437.201383590698,0.3887567538705773,5944.029680728912,0.0,0.0,0.0,7493.171702861786,0.0
BF460307,13558.569803237915,9723.743278503418,0.7171658530076893,9578.90430355072,6183.738084316254,0.0,0.0,469.09337615966797,4026.8698439598083
BF460308,4996.522441864014,3348.868832349777,0.6702399261315918,2434.0059604644775,2073.1528508663177,0.0,0.0,0.0,633.7533757686615
BF460309,85355.05937862396,49711.001422166824,0.5824025170160714,46994.1197373867,29074.259803056717,0.0,26001.430109024048,29053.877936840057,33923.533123254776
BF460311,8565.736165046692,3324.038284301758,0.3880621840614021,3324.038284301758,0.0,0.0,0.0,3290.8519048690796,3290.8519048690796
BF460401,72176.94478654861,13072.083268404007,0.18111161821912153,0.0,13072.083268404007,0.0,0.0,0.0,7272.091790676117
BF460402,116131.39885020256,67707.43759894371,0.5830243867662291,63279.94641947746,292.95799350738525,0.0,52939.83835506439,18.055362701416016,59223.23791861534
BF460403,15388.967557668686,6429.686284303665,0.4178114132874106,5720.833457231522,5534.838246107101,0.0,0.0,22.131832122802734,4949.636332035065
BF460404,26961.055733919144,0.0,0.0,0.0,0.0,0.0,0.0,0.0,0.0
BF460405,46432.92694020271,7122.586097240448,0.15339515655373315,0.0,7081.895411968231,0.0,0.0,40.6906852722168,6862.717771530151
BF460406,62808.52324151993,0.0,0.0,0.0,0.0,0.0,0.0,0.0,0.0
BF460407,45851.734268426895,12237.37138223648,0.2668900441277971,0.0,0.0,8937.020366191864,0.0,0.0,3300.3510160446167
BF460501,39910.59576654434,25300.4485206604,0.633928109433758,16259.708300590515,11834.517583370209,0.0,0.0,1928.5335206985474,22782.860774040222
BF460502,19732.467630386353,8161.23691034317,0.41359433919838523,3309.498544692993,0.0,0.0,0.0,0.0,4851.738365650177
BF460503,20819.460495471954,11809.487939834595,0.5672331395140163,5041.897599697113,0.0,0.0,0.0,0.0,6767.590340137482
BF460504,33616.80226564407,14053.395238399506,0.4180467590982587,1007.4564208984375,0.0,0.0,0.0,0.0,13045.938817501068
BF460505,37408.534197330475,20106.03720855713,0.5374719336100564,16.07826805114746,9100.560988903046,0.0,0.0,14336.715806007385,19921.376569271088
BF460506,39395.584577560425,13934.001873493195,0.353694507212109,6162.4347496032715,33.84735298156738,0.0,0.0,4233.9866824150085,12451.957071304321
BF460601,24093.66191291809,18636.184673786163,0.7734890919090286,18622.161529541016,8574.816926002502,0.0,0.0,10496.41331577301,16714.588284015656
BF460602,15742.324860095978,11049.159229755402,0.7018759508491071,10963.515253543854,8253.147872447968,0.0,0.0,7377.856103420258,8173.681259155273
BF460603,22917.47770881653,19242.650109767914,0.8396495615381409,16378.076713562012,3111.759479522705,0.0,0.0,541.356228351593,10404.781691074371
BF460604,35391.62552976608,22546.66832256317,0.6370622424109998,2851.553638935089,7234.086949825287,72.66379690170288,0.0,0.0,19695.114683628082
BF460605,22891.240392684937,19571.576758384705,0.8549810505086891,18791.011167526245,14271.384481430054,0.0,0.0,14271.384481430054,15296.082776069641
BF460606,22335.312602996826,15707.914078712463,0.7032771091193443,9640.08464050293,0.0,3486.1733632087708,0.0,0.0,15707.914078712463
BF460607,35194.68265295029,24938.269337654114,0.708580599619744,16639.81040763855,10886.110318660736,0.0,0.0,19241.812315940857,17201.516309261322
BF460608,73009.89495611191,48897.76514720917,0.6697416175794096,29795.068316459656,20681.04954624176,0.0,17960.13743829727,20148.276596069336,43098.38705825806
BF470101,154852.88717389107,103023.30082273483,0.6652979011430731,103023.30082273483,0.0,94780.42012310028,87929.4893321991,0.0,0.0
BF470102,12600.123265981674,8805.122794628143,0.6988124329228248,6810.765427112579,8231.889305830002,116.24136686325073,0.0,0.0,0.0
BF470103,93400.24542474747,56169.49853801727,0.6013849137395791,47325.5361866951,42377.61876869202,0.0,0.0,48090.57836294174,27842.320056915283
BF470104,17191.780763864517,0.0,0.0,0.0,0.0,0.0,0.0,0.0,0.0
BF470105,111487.709045887,45994.41372346878,0.412551429364631,32597.762166023254,38335.34405374527,0.0,0.0,7857.66029214859,13835.308371543884
BF470106,108847.84294891357,28542.661361694336,0.26222532838882706,17174.420886039734,18533.495732307434,0.0,0.0,15075.535133361816,10500.398270606995
BF470107,217994.22803258896,43162.37403154373,0.19799778379953797,27960.66085767746,31373.00263261795,0.0,0.0,5108.948217868805,4131.789218425751
BF470108,47797.77422094345,108.92724561691284,0.002278918786330942,53.918007373809814,108.92724561691284,0.0,0.0,0.0,0.0
BF470109,102194.747995615,21715.523589611053,0.21249158117736958,16768.052072525024,4887.40099811554,60.0705189704895,0.0,2100.254255771637,2100.254255771637
BF470201,17584.208091020584,0.0,0.0,0.0,0.0,0.0,0.0,0.0,0.0
BF470202,10767.49637746811,0.0,0.0,0.0,0.0,0.0,0.0,0.0,0.0
BF470203,12195.767762899399,0.0,0.0,0.0,0.0,0.0,0.0,0.0,0.0
BF470204,37132.99484682083,0.0,0.0,0.0,0.0,0.0,0.0,0.0,0.0
BF470205,52488.14607620239,10994.87982749939,0.2094735792637256,0.0,0.0,10994.87982749939,10994.87982749939,0.0,0.0
BF470206,14655.25881433487,0.0,0.0,0.0,0.0,0.0,0.0,0.0,0.0
BF470207,22786.09986448288,0.0,0.0,0.0,0.0,0.0,0.0,0.0,0.0
BF470208,5618.824085950851,0.0,0.0,0.0,0.0,0.0,0.0,0.0,0.0
BF480101,45009.76864051819,1212.9760975837708,0.026949174239741348,1212.9760975837708,0.0,0.0,0.0,0.0,0.0
BF480102,36572.1563038826,28314.31535768509,0.7742041547240999,24964.055684566498,0.0,0.0,0.0,6726.404752254486,9734.175644397736
BF480103,27580.33929491043,24432.046372413635,0.8858501018122801,0.0,0.0,24432.046372413635,24432.046372413635,0.0,0.0
BF480104,67852.98730325699,24.849594116210938,3.6622697251559533E-4,24.849594116210938,24.849594116210938,0.0,0.0,0.0,24.849594116210938
BF480105,104562.09055042267,83754.92805337906,0.8010066326379556,66783.46706151962,45321.18407535553,0.0,21427.601590156555,28928.618453979492,62066.208393096924
BF480106,26430.028366565704,527.2764203548431,0.019949899903318077,0.0,0.0,527.2764203548431,527.2764203548431,0.0,0.0
BF480107,97129.67353057861,42209.146335840225,0.434564894553587,33973.4417386055,0.0,8235.704597234726,42209.146335840225,0.0,0.0
BF480108,27092.473021507263,18.378994941711426,6.783801141786255E-4,0.0,0.0,18.378994941711426,18.378994941711426,0.0,0.0
BF480109,19469.242139339447,10876.137512683868,0.5586317862217967,0.0,0.0,10876.137512683868,10876.137512683868,0.0,0.0
BF480110,157340.90090942383,58192.65365076065,0.3698507718870907,58192.65365076065,1631.571415901184,0.0,46579.62006235123,0.0,1631.571415901184
BF480111,106682.6908018589,48418.93717122078,0.4538593543834489,12826.661370038986,8477.989109516144,0.0,27361.623171806335,0.0,801.0500869750977
BF480112,11160.74698805809,0.0,0.0,0.0,0.0,0.0,0.0,0.0,0.0
BF480113,17615.09431028366,9647.66124200821,0.5476928520544975,8593.39114189148,8593.39114189148,0.0,0.0,0.0,1054.2701001167297
BF480202,14762.05963754654,2395.692282676697,0.16228712940458367,2395.692282676697,2164.0297889709473,0.0,0.0,221.5943784713745,2174.0979042053223
BF480201,72443.25821733475,48744.20125722885,0.6728604214762525,45079.54492139816,0.0,12946.680932044983,12946.680932044983,23232.234246253967,31439.846574783325
BF480203,16571.60296010971,12606.334138393402,0.7607190546828032,11531.161815166473,9478.443681716919,0.0,0.0,4342.98050069809,9635.169455051422
BF480204,52429.96877670288,29397.021027088165,0.5606911793575329,23943.904720306396,18068.834901332855,0.0,18068.834901332855,3818.47275018692,13274.404248714447
BF480205,61882.339634656906,36933.10831594467,0.5968279243155904,29965.871327877045,18065.32228255272,3217.2796897888184,0.0,2380.0565078258514,21815.279580831528
BF480206,60382.982749700546,37447.57724022865,0.6201677283061073,28842.22288608551,11636.595876693726,3458.1850056648254,0.0,9325.414126634598,23145.38826441765
BF480207,57825.14623308182,29824.811555862427,0.5157758086014078,21404.616266727448,22827.65797805786,19250.344354629517,0.0,0.0,5857.093348026276
BF480208,37172.772772789,6687.895211219788,0.17991381089858924,6222.509854793549,21.750574111938477,0.0,21.750574111938477,0.0,6536.510902404785
BF480301,61136.14731669426,20586.911136627197,0.3367387714175701,1689.9443039894104,0.0,0.0,1689.9443039894104,0.0,18896.966832637787
BF480302,19053.91113471985,870.0381546020508,0.04566191940596783,0.0,0.0,0.0,0.0,0.0,870.0381546020508
BF480303,46181.02349615097,0.0,0.0,0.0,0.0,0.0,0.0,0.0,0.0
BF480304,36197.95829868317,15357.404791355133,0.42426163002441536,0.0,0.0,0.0,0.0,0.0,15357.404791355133
BF480305,40295.59475708008,2127.784017086029,0.05280438295831755,2127.784017086029,0.0,0.0,2127.784017086029,0.0,0.0
BF480306,81175.91669988632,38825.21772670746,0.4782849311113702,38450.83735513687,0.0,0.0,38450.83735513687,0.0,374.38037157058716
BF480307,115699.48190546036,95643.19175100327,0.8266518585550334,95643.19175100327,0.0,0.0,95643.19175100327,0.0,0.0
BF480308,23877.351652145386,0.0,0.0,0.0,0.0,0.0,0.0,0.0,0.0
BF480309,23114.08352613449,0.0,0.0,0.0,0.0,0.0,0.0,0.0,0.0
BF490101,67200.96783304214,61443.60536623001,0.9143261971893611,50924.16319179535,50097.17309761047,5232.942801475525,0.0,43337.65948486328,38012.23822593689
BF490102,28321.49555683136,999.173198223114,0.03527967639343488,0.0,0.0,999.173198223114,999.173198223114,0.0,0.0
BF490103,95450.51613235474,71611.3848323822,0.7502461771194989,66300.7898902893,46947.34978723526,0.0,38006.69659423828,5650.2975397109985,66483.68860244751
BF490104,12993.684962272644,11579.934541940689,0.8911971142569025,9208.96611380577,8399.244543790817,0.0,0.0,9669.865979671478,9915.61954331398
BF490105,38253.87423801422,15256.269106388092,0.3988163136487598,13402.81590795517,1918.651864528656,0.0,0.0,65.19866609573364,11429.74784231186
BF490106,16261.137374401093,0.0,0.0,0.0,0.0,0.0,0.0,0.0,0.0
BF490107,28656.12267780304,24165.731226444244,0.8433008016525194,9355.628692150116,0.0,15648.676229953766,4714.503140926361,9137.84147977829,19584.930562496185
BF490108,41768.69066667557,0.0,0.0,0.0,0.0,0.0,0.0,0.0,0.0
BF490109,34667.71622443199,33636.70285344124,0.9702601300784807,31538.328404664993,15866.136176109314,0.0,133.71792650222778,18338.224125146866,15920.909757614136
BF490201,45760.02100992203,15408.1550822258,0.33671652115030476,13734.396230220795,15331.763032913208,0.0,0.0,76.39204931259155,13810.788279533386
BF490202,101799.07225370407,21643.279549121857,0.21260782706528392,21505.717668533325,137.5618805885315,21505.717668533325,21505.717668533325,0.0,21505.717668533325
BF490203,52507.16051864624,45505.59820151329,0.8666550952675004,26779.498438835144,34009.07998585701,0.0,0.0,29867.09043765068,17990.97890996933
BF490204,35103.06789398193,15685.686398029327,0.44684659601272286,1677.1056039333344,0.0,0.0,0.0,0.0,15685.686398029327
BF490205,22371.348568677902,14137.177385568619,0.6319322834816522,2062.3072237968445,6112.67064332962,0.0,0.0,2134.357974767685,12426.778019428253
BF490206,106216.62834048271,43869.93131017685,0.41302319604374554,27636.238276720047,22440.744386196136,0.0,0.0,24199.610592126846,42092.58874845505
BF490207,46958.15784525871,31865.195293426514,0.678586996500841,25253.311556339264,8277.831147670746,0.0,16975.480408668518,19710.945121765137,31623.618735313416
BF490208,29523.483862876892,16285.46975326538,0.5516107051899415,0.0,7777.851676940918,0.0,0.0,1255.4417748451233,7252.17630147934
BF490301,118553.64372086525,102338.66183066368,0.863226625675211,68288.03896927834,73713.09749984741,0.0,20522.77566099167,71442.62463474274,55900.16981506348
BF490302,106166.9177069664,12764.712447166443,0.12023248600283,11543.98453950882,5463.305716991425,6484.403362751007,5463.305716991425,13.68943977355957,5662.935978889465
BF490303,29400.013330698013,22587.35388827324,0.7682769947824705,13828.745033025742,15871.178910970688,0.0,8694.824524879456,15424.718480587006,8694.824524879456
BF490304,157496.5530977249,140923.90523386002,0.8947745360904391,81051.73418235779,88748.39097213745,69859.68735599518,69859.68735599518,31588.31468105316,121079.76378393173
BF490305,57174.17353057861,20773.914494514465,0.3633443775694265,0.0,0.0,18038.038497447968,11727.79859495163,0.0,133.3537302017212
BF490306,60603.70906209946,24809.739139080048,0.4093765798007179,0.0,0.0,3995.3866782188416,865.9306135177612,0.0,23943.808525562286
BF490307,10914.27038359642,8833.578802108765,0.8093604511928872,6366.737637519836,5073.305901527405,0.0,0.0,3469.49990940094,0.0
BF490308,50548.632045030594,43736.96321892738,0.8652452390791678,35994.281497716904,33672.93997454643,0.0,0.0,17104.22172689438,9588.261031150818
BF490309,37029.27648687363,12221.907033443451,0.33006064911303223,1215.5114917755127,1427.6501655578613,0.0,0.0,9796.826361179352,9990.353593349457
BF490310,127271.29123163223,68854.19423723221,0.5410033446735321,30865.261685848236,57767.55092334747,0.0,11.903172016143799,46784.0919380188,54308.99216604233
BF490311,36621.60349774361,0.0,0.0,0.0,0.0,0.0,0.0,0.0,0.0
BF500101,16592.32620549202,6974.266920089722,0.42033087065159414,0.0,0.0,0.0,6974.266920089722,0.0,0.0
BF500102,31715.8415453434,0.0,0.0,0.0,0.0,0.0,0.0,0.0,0.0
BF500103,39871.76192378998,0.0,0.0,0.0,0.0,0.0,0.0,0.0,0.0
BF500104,39141.838770866394,0.0,0.0,0.0,0.0,0.0,0.0,0.0,0.0
BF500105,169672.70334339142,98858.15238952637,0.5826402859242049,0.0,0.0,98858.15238952637,98858.15238952637,0.0,0.0
BF500107,31172.7542052269,0.0,0.0,0.0,0.0,0.0,0.0,0.0,0.0
BF500106,37104.86356520653,176.96894121170044,0.004769427083344551,0.0,0.0,0.0,176.96894121170044,0.0,0.0
BF500108,23469.143379688263,0.0,0.0,0.0,0.0,0.0,0.0,0.0,0.0
BF500109,33532.74944591522,0.0,0.0,0.0,0.0,0.0,0.0,0.0,0.0
BF500110,22376.546823978424,0.0,0.0,0.0,0.0,0.0,0.0,0.0,0.0
BF500111,57542.15367078781,0.0,0.0,0.0,0.0,0.0,0.0,0.0,0.0
BF500112,30136.61737895012,2346.264247894287,0.07785426673443152,0.0,0.0,958.7312531471252,1387.5329947471619,0.0,0.0
BF500113,19129.29750084877,0.0,0.0,0.0,0.0,0.0,0.0,0.0,0.0
BF500114,15219.165798902512,0.0,0.0,0.0,0.0,0.0,0.0,0.0,0.0
BF500115,53690.19871854782,0.0,0.0,0.0,0.0,0.0,0.0,0.0,0.0
BF500201,19292.020891189575,14005.861911296844,0.7259924706847661,10356.522328853607,0.0,0.0,0.0,0.0,14005.861911296844
BF500202,47985.50105667114,13574.596267223358,0.28288953888783375,2226.315055370331,11348.281211853027,0.0,0.0,0.0,67.49903917312622
BF500203,25904.13013601303,0.0,0.0,0.0,0.0,0.0,0.0,0.0,0.0
BF500204,19808.857956171036,0.0,0.0,0.0,0.0,0.0,0.0,0.0,0.0
BF500205,26575.642836093903,4514.3076248168945,0.1698663566732525,0.0,0.0,0.0,0.0,0.0,4514.3076248168945
BF500206,49887.236347198486,6100.942457675934,0.1222946569983435,1091.0210514068604,5009.9214062690735,0.0,0.0,0.0,0.0
BF500207,69451.49709701538,5239.829698562622,0.07544588551119655,0.0,0.0,5239.829698562622,5239.829698562622,0.0,0.0
BF500208,44430.485630989075,19639.310420513153,0.44202331218309393,5178.24343585968,17220.30519104004,0.0,0.0,0.0,4661.5554003715515
BF500209,17684.412457942963,10596.197119235992,0.5991828761309345,10282.995327949524,13.672935485839844,0.0,0.0,0.0,3674.4725136756897
BF500210,28028.417333126068,109.51613140106201,0.0039073248446185975,109.51613140106201,109.51613140106201,0.0,0.0,0.0,0.0
BF500301,54475.73025608063,9873.735819339752,0.181250178252317,0.0,0.0,0.0,4242.990866661072,0.0,5630.74495267868
BF500302,22629.21897125244,3936.7241027355194,0.17396641517927017,3904.8822162151337,0.0,0.0,0.0,0.0,3936.7241027355194
BF500303,81714.94642353058,35556.186685562134,0.4351246404944518,329.61955213546753,0.0,0.0,35043.86217546463,0.0,182.70495796203613
BF500304,9007.813432455063,1227.7370088100433,0.13629689580231746,0.0,0.0,0.0,0.0,0.0,1227.7370088100433
BF500305,42137.1857585907,7823.184773206711,0.1856598781424733,0.0,0.0,0.0,0.0,0.0,7823.184773206711
BF500306,34255.0758767128,2585.381576061249,0.07547440809549735,2452.9536168575287,0.0,0.0,0.0,0.0,2585.381576061249
BF500307,62551.58811736107,0.0,0.0,0.0,0.0,0.0,0.0,0.0,0.0
BF500401,37769.65956234932,0.0,0.0,0.0,0.0,0.0,0.0,0.0,0.0
BF500402,28721.108316898346,106.40264701843262,0.0037046845770861,0.0,106.40264701843262,0.0,0.0,0.0,0.0
BF500404,11348.291003704071,4791.542309999466,0.42222589361125046,0.0,4791.542309999466,0.0,0.0,0.0,0.0
BF500405,22729.823604106903,3106.6717853546143,0.13667821798640312,0.0,0.0,0.0,0.0,0.0,3106.6717853546143
BF500403,63479.042110443115,29.140331268310547,4.590543634481937E-4,0.0,29.140331268310547,0.0,0.0,0.0,0.0
BF500406,124424.65961146355,0.0,0.0,0.0,0.0,0.0,0.0,0.0,0.0
BF510101,24056.846118927002,1730.2237539291382,0.0719223020912897,0.0,0.0,0.0,1730.2237539291382,0.0,0.0
BF510102,30143.81508898735,0.0,0.0,0.0,0.0,0.0,0.0,0.0,0.0
BF510103,13942.373483896255,0.0,0.0,0.0,0.0,0.0,0.0,0.0,0.0
BF510104,39254.1168653965,0.0,0.0,0.0,0.0,0.0,0.0,0.0,0.0
BF510105,75617.0273578167,26789.09594964981,0.35427332818685003,0.0,0.0,0.0,24315.67283630371,2473.4231133461,0.0
BF510106,37234.02624583244,1863.9276359081268,0.05005979271760206,0.0,0.0,0.0,1863.9276359081268,0.0,0.0
BF510107,29788.482066631317,9339.111956596375,0.3135141943690353,0.0,0.0,7542.551131486893,0.0,1796.5608251094818,0.0
BF510201,72342.7777299881,37.98142433166504,5.250202649589536E-4,0.0,37.98142433166504,0.0,0.0,0.0,0.0
BF510202,71692.82778978348,23996.636540174484,0.33471460507230966,20221.756473064423,0.0,20221.756473064423,23938.368166923523,0.0,58.268373250961304
BF510203,59062.31549787521,35.17956876754761,5.956347710210109E-4,35.17956876754761,0.0,35.17956876754761,0.0,0.0,0.0
BF510204,7239.81617307663,5944.8441042900085,0.8211319130446498,5944.8441042900085,0.0,5944.8441042900085,0.0,0.0,0.0
BF510205,30665.111799955368,8086.997182846069,0.2637198010430159,8086.997182846069,0.0,8086.997182846069,0.0,0.0,0.0
BF510301,50215.79209947586,0.0,0.0,0.0,0.0,0.0,0.0,0.0,0.0
BF510302,48609.1401154995,914.717248916626,0.018817803539482064,0.0,0.0,0.0,914.717248916626,0.0,0.0
BF510303,63105.876081466675,4281.216018199921,0.06784179673970575,0.0,0.0,0.0,0.0,0.0,4281.216018199921
BF510304,50686.37557911873,17377.936501264572,0.3428522221743502,5297.759149551392,4822.516935825348,0.0,0.0,0.0,12135.438853025436
BF510305,32204.42541193962,0.0,0.0,0.0,0.0,0.0,0.0,0.0,0.0
BF510306,40714.689954042435,24865.64116334915,0.6107289823750781,0.0,0.0,0.0,24865.64116334915,0.0,0.0
BF510307,35980.22677850723,674.1932249069214,0.018737881477435554,0.0,91.89220190048218,58.55038261413574,0.0,0.0,523.7506403923035
BF520101,136699.58663272858,52759.45450925827,0.38595182186620175,28402.248125314713,11120.471749305725,0.0,0.0,0.0,47810.363141298294
BF520102,114980.80168271065,71787.8603386879,0.6243464933979709,24732.390647172928,0.0,0.0,17873.848630428314,0.0,70991.63233709335
BF520103,39213.60265040398,13790.112877130508,0.3516665632605028,3769.762455224991,4071.745934009552,0.0,0.0,0.0,10020.350421905518
BF520104,53333.35121178627,17729.20962047577,0.33242256894889716,7270.794020175934,3103.429928302765,0.0,0.0,0.0,14625.779692173004
BF520105,118602.80481624603,80233.87885832787,0.6764922548217641,46350.16958594322,33235.17088627815,0.0,0.0,0.0,79952.48612546921
BF520106,81383.96770048141,37692.072602272034,0.4631387933922159,6797.368097305298,12811.612306118011,0.0,0.0,0.0,20815.526813983917
BF520107,28800.348405361176,17587.43871641159,0.6106675679360078,0.0,0.0,0.0,0.0,14916.853497505188,9446.337174415588
BF520201,53081.380769491196,2026.372745513916,0.03817483110157874,1992.4165592193604,190.68988704681396,0.0,190.68988704681396,0.0,33.956186294555664
BF520202,42997.8444340229,27674.606271266937,0.6436277593806273,21048.56091117859,571.6019139289856,487.2485570907593,571.6019139289856,0.0,8350.163452148438
BF520203,200923.34865260124,147627.394179821,0.7347448425970168,120491.61900448799,116046.01241612434,54977.13257741928,60038.1475148201,67717.00266766548,130174.58237314224
BF520204,91712.98736643791,54958.84575295448,0.5992482344225384,39251.17817378044,25990.262094020844,0.0,0.0,36598.230281829834,25337.168410778046
BF520205,31910.728699207306,21313.767666339874,0.6679185507559195,5911.939976215363,5615.851423740387,0.0,5615.851423740387,0.0,13483.919132947922
BF520206,32874.57207918167,18525.626805067062,0.5635245003477536,14150.363510608673,4417.413371801376,0.0,0.0,183.84251880645752,15752.069685459137
BF520301,25229.661262512207,13286.143835544586,0.5266080942309741,4612.711932897568,5496.857536792755,0.0,0.0,5219.257042169571,5727.743295669556
BF520302,34319.359038591385,25399.9395468235,0.7401053008671232,21574.61616921425,19192.601401090622,0.0,0.0,20597.44494342804,15694.495176553726
BF520303,78399.53674674034,34752.19683909416,0.4432704360404154,32201.64774107933,11630.45022058487,0.0,8506.356533050537,0.0,21650.558851242065
BF520401,55160.852300167084,47567.76232767105,0.8623463986528535,30188.459226608276,31675.072347164154,0.0,0.0,39811.43278694153,41844.9291973114
BF520402,16351.952962875366,13283.352685451508,0.8123404412677403,7890.172791481018,13054.013377189636,0.0,3713.8363828659058,6438.09664440155,7719.1658635139465
BF520403,105513.6614677906,78027.30489301682,0.7394995473343103,62533.878303050995,52071.92829084396,0.0,14955.18661403656,58732.185091495514,56031.254818439484
BF520501,71890.8982257843,19149.749529838562,0.26637237817916615,836.0250453948975,7775.007981300354,0.0,0.0,54.05064058303833,18325.468333244324
BF520502,49052.98059272766,34499.90097475052,0.703319157324872,30101.926555633545,16732.729831695557,1674.2640206813812,9021.16386961937,14686.11195898056,22361.325582504272
BF520503,99529.95031571388,56415.59391760826,0.5668202760943337,43028.68474602699,20639.27815389633,0.0,10246.896184921265,23897.04735326767,41040.50927066803
BF520504,91285.88763952255,65794.47050714493,0.7207518293184562,53383.284890174866,18931.2694606781,10622.595636367798,0.0,433.34400701522827,56895.85948467255
BF520505,25761.12439918518,23560.509115219116,0.9145761167150115,20705.219470977783,14174.23968219757,14174.23968219757,14174.23968219757,0.0,21851.762886047363
BF520506,75145.28755497932,45052.89096593857,0.5995437961825092,40143.43694067001,16170.85673904419,2340.10137796402,2340.10137796402,20630.31685590744,25427.19530272484
BF520507,68368.91400432587,49744.64098262787,0.7275915042248646,36793.427768707275,22603.546998500824,3583.6275882720947,3583.6275882720947,72.60887432098389,37433.31350708008
BF520508,67436.19947957993,57118.024297237396,0.846993524813525,28579.062455654144,3811.736337184906,1791.8879761695862,0.0,0.0,56800.45150566101
BF530101,80053.78878450394,18499.77812576294,0.23109184970073463,0.0,0.0,18499.77812576294,13986.823790311813,0.0,0.0
BF530102,920056.6213929653,449647.3222436905,0.4887170113105916,449572.8063611984,18617.395747184753,413792.96803092957,413718.4521484375,0.0,413718.4521484375
BF530103,23733.992684841156,11754.78131723404,0.49527197017894886,0.0,0.0,0.0,0.0,0.0,11754.78131723404
BF530104,23420.96113729477,11561.811825752258,0.49365232101177986,11071.988366127014,11071.988366127014,0.0,0.0,0.0,489.82345962524414
BF530105,30756.715909957886,4179.347759246826,0.13588407070124506,4179.347759246826,4179.347759246826,0.0,0.0,0.0,4179.347759246826
BF530106,35228.91051673889,7120.161033153534,0.20211130371943847,7120.161033153534,0.0,0.0,0.0,0.0,0.0
BF530107,131977.14776325226,6834.2078857421875,0.05178326703954657,0.0,6780.952106952667,0.0,0.0,0.0,5778.236607551575
BF530108,16750.688077926636,7752.996763706207,0.4628464650310566,0.0,7712.513568878174,0.0,0.0,0.0,7752.996763706207
BF530109,26327.666961669922,7107.503611564636,0.2699632907812284,0.0,5020.211151838303,2087.2924597263336,0.0,0.0,0.0
BF530110,54118.39654302597,5851.86163520813,0.10813072834771999,0.0,5851.86163520813,0.0,0.0,0.0,5851.86163520813
BF530111,77805.7516746521,6602.501657485962,0.08485878634133104,262.606951713562,6602.501657485962,0.0,0.0,0.0,0.0
BF530112,31578.35253429413,5179.557502985001,0.16402241052189137,0.0,0.0,0.0,0.0,2630.133021593094,2565.634401321411
BF530113,22122.446880102158,13908.782616853714,0.6287180930859799,15.497918605804443,1425.0092587471008,12468.275439500809,0.0,0.0,0.0
BF530201,32839.144743442535,0.0,0.0,0.0,0.0,0.0,0.0,0.0,0.0
BF530202,21170.38041830063,4.881667137145996,2.3058948590862655E-4,0.0,0.0,0.0,0.0,0.0,4.881667137145996
BF530203,31948.785629749298,34.704487800598145,0.0010862537375531062,0.0,0.0,0.0,34.704487800598145,0.0,0.0
BF530204,29107.747722148895,5716.346942424774,0.19638575258349675,1699.9871397018433,1699.9871397018433,0.0,0.0,0.0,4016.359802722931
BF530205,28488.53297472,6631.830634593964,0.2327894749960934,0.0,957.1731014251709,0.0,5903.7328453063965,0.0,0.0
BF530206,24287.943459272385,9649.089602470398,0.3972789881799018,4321.807823181152,1162.3884768486023,0.0,2542.9041743278503,0.0,1940.959764957428
BF530207,52591.92411327362,12433.657168388367,0.23641761312266285,21.826663970947266,0.0,0.0,0.0,0.0,12411.83050441742
BF530208,41009.83639860153,6972.715291023254,0.17002543544067952,0.0,0.0,0.0,0.0,407.6750154495239,6565.0402755737305
BF530209,39788.8291759491,8539.859176158905,0.2146295669670255,8453.14535522461,8453.14535522461,0.0,0.0,0.0,86.71382093429565
BF530210,45371.701439619064,25056.725864887238,0.5522544905712403,0.0,0.0,0.0,25056.725864887238,0.0,0.0
BF530212,60561.97121143341,4356.757840156555,0.07193883806962427,4356.757840156555,0.0,0.0,0.0,0.0,0.0
BF530211,5462.744548797607,0.0,0.0,0.0,0.0,0.0,0.0,0.0,0.0
BF530213,32107.674757003784,53.63551139831543,0.0016704888100504908,0.0,0.0,0.0,0.0,53.63551139831543,0.0
BF530301,13289.362328529358,5345.82942199707,0.4022638024189274,5345.82942199707,5345.82942199707,0.0,0.0,0.0,2308.7109870910645
BF530302,29813.805621147156,8851.903574466705,0.29690619463179113,0.0,8851.903574466705,0.0,0.0,8851.903574466705,8851.903574466705
BF530303,23032.655227661133,13514.705864906311,0.586762825706512,10149.019216537476,0.0,0.0,0.0,0.0,13514.705864906311
BF530304,49346.87922334671,14201.52762556076,0.287789782232912,0.0,12201.524282455444,0.0,0.0,0.0,12505.932168006897
BF530305,125272.25291872025,57904.89794635773,0.4622324305441195,52515.16680049896,40432.32232761383,40432.32232761383,40432.32232761383,0.0,45822.053473472595
BF530306,39359.52317380905,0.0,0.0,0.0,0.0,0.0,0.0,0.0,0.0
BF530307,63405.9291331768,38528.50264763832,0.6076482621477507,26397.860023021698,16185.23484134674,335.7079589366913,0.0,0.0,37830.94855117798
BF540101,49329.19891023636,35829.80737781525,0.7263407509011901,11388.011507987976,14327.68298959732,0.0,9307.790406227112,22446.175922870636,14595.706913948059
BF540102,36416.51025772095,31051.105906009674,0.8526656092596431,16424.263981819153,28069.35969734192,0.0,0.0,23598.556153297424,17261.425810337067
BF540103,21536.64355278015,17989.817130565643,0.8353120153787078,12590.068820476532,15945.239706993103,0.0,0.0,17578.33362007141,5614.926949501038
BF540104,83885.88020992279,78322.44293403625,0.9336785015313168,59960.62257575989,61525.0328040123,16574.43096113205,16574.43096113205,71220.35501003265,57077.99583911896
BF540201,56185.00764417648,5182.220687389374,0.09223493783624154,0.0,0.0,0.0,5182.220687389374,0.0,0.0
BF540202,26748.022706508636,10273.397339820862,0.3840806272876769,0.0,8836.116835594177,0.0,8648.384811878204,8648.384811878204,10273.397339820862
BF540204,61682.80689048767,15570.234914302826,0.25242422806644305,0.0,0.0,0.0,15570.234914302826,0.0,0.0
BF540205,24558.174983501434,0.0,0.0,0.0,0.0,0.0,0.0,0.0,0.0
BF540206,26301.781812667847,0.0,0.0,0.0,0.0,0.0,0.0,0.0,0.0
BF540207,32374.035514354706,16240.769050598145,0.5016603210741818,220.70294904708862,16055.06163072586,0.0,0.0,0.0,16055.06163072586
BF540208,17705.740871429443,0.0,0.0,0.0,0.0,0.0,0.0,0.0,0.0
BF540209,39448.73631954193,0.0,0.0,0.0,0.0,0.0,0.0,0.0,0.0
BF540210,91137.31477022171,47189.46823787689,0.5177842726313857,181.9197735786438,34383.16196012497,34383.16196012497,34383.16196012497,6770.934548854828,9430.552173137665
BF540301,32454.651857852936,30364.49112701416,0.9355974995512693,10137.981386184692,4062.144223213196,193.90030145645142,0.0,29898.820926189423,14390.065781116486
BF540302,16981.409887313843,10984.987371444702,0.6468831177351866,4322.999933242798,4324.611413002014,0.0,0.0,7913.247663974762,4574.148329734802
BF540303,60548.80218076706,16873.862500667572,0.278682020005797,0.0,0.0,0.0,0.0,0.0,16873.862500667572
BF540304,24017.832221508026,16270.835813522339,0.6774481420080771,0.0,0.0,0.0,16270.835813522339,0.0,0.0
BF540305,66981.80655097961,55299.31759548187,0.8255871324311589,25283.472865104675,14650.30933046341,0.0,0.0,40576.92096424103,32066.360990524292
BF540306,39756.19408226013,33212.19147539139,0.8353966530767897,30442.249514579773,28382.828117847443,2429.5942883491516,0.0,19782.734290122986,31050.42990732193
BF540307,167261.48996019363,148189.77706623077,0.885976665050026,129985.40227413177,122763.42272615433,112634.38495206833,100531.64695930481,123517.06567049026,140359.48324346542
BF540308,49528.89247131348,24405.739933013916,0.4927576352963963,7293.334193706512,12.977741718292236,0.0,0.0,8411.929656505585,15076.006532669067
BF540309,43105.785255908966,0.0,0.0,0.0,0.0,0.0,0.0,0.0,0.0
BF540310,75275.26924037933,38060.433660030365,0.5056167057800957,22542.496229171753,22355.870009422302,0.0,508.66705799102783,186.62621974945068,34461.213102817535
BF540311,38881.8280172348,25755.107470989227,0.6623944599408492,10368.426171779633,13535.931186199188,0.0,0.0,16677.256745815277,15587.325527668
BF540312,33960.8086681366,24702.095311641693,0.7273706451760142,17261.217036247253,9402.17795920372,3772.0713262557983,0.0,17906.90283703804,12201.201038837433
BF540313,21899.71676158905,14530.99993467331,0.663524560288374,8619.511126995087,0.0,0.0,0.0,8578.24426984787,14530.99993467331
BF540401,28617.101249217987,987.3510055541992,0.03450213202782655,987.3510055541992,0.0,0.0,0.0,0.0,0.0
BF540402,29924.711308002472,25195.34382724762,0.8419577909348076,2419.873942375183,5026.315418720245,5929.9233202934265,0.0,4492.640949726105,23821.114212989807
BF540403,110817.62200117111,71596.73914003372,0.6460772018666588,12780.034327983856,43100.28267908096,0.0,38073.77672767639,0.0,57852.1750125885
BF540404,12359.989892959595,11037.708756446838,0.8930192380443657,3307.254590988159,5627.396649360657,0.0,0.0,0.0,11037.708756446838
BF540405,41304.832032203674,0.0,0.0,0.0,0.0,0.0,0.0,0.0,0.0
BF550101,112744.45235228539,8691.106177806854,0.07708677452838486,0.0,0.0,0.0,8691.106177806854,0.0,0.0
BF550102,24247.60902428627,0.0,0.0,0.0,0.0,0.0,0.0,0.0,0.0
BF550103,42943.043573617935,11.765275478363037,2.7397395478486846E-4,0.0,0.0,0.0,11.765275478363037,0.0,0.0
BF550104,73242.48342704773,0.0,0.0,0.0,0.0,0.0,0.0,0.0,0.0
BF550105,19514.252774000168,0.0,0.0,0.0,0.0,0.0,0.0,0.0,0.0
BF550106,48477.959587574005,0.0,0.0,0.0,0.0,0.0,0.0,0.0,0.0
BF550107,63452.70885181427,24592.632113456726,0.387574188060114,0.0,0.0,0.0,24592.632113456726,0.0,0.0
BF550108,35542.62793779373,0.0,0.0,0.0,0.0,0.0,0.0,0.0,0.0
BF550201,53231.316727638245,20018.71102666855,0.37607018306715356,0.0,0.0,0.0,20018.71102666855,0.0,0.0
BF550202,13153.2193608284,8822.860711574554,0.6707757598759369,0.0,0.0,8822.860711574554,0.0,0.0,0.0
BF550203,29997.299038410187,2453.586392402649,0.08179357712375845,0.0,0.0,0.0,2453.586392402649,0.0,0.0
BF550204,43488.09249687195,0.0,0.0,0.0,0.0,0.0,0.0,0.0,0.0
BF550205,19784.82184457779,0.0,0.0,0.0,0.0,0.0,0.0,0.0,0.0
BF550301,34565.677991867065,0.0,0.0,0.0,0.0,0.0,0.0,0.0,0.0
BF550302,36078.068913936615,0.0,0.0,0.0,0.0,0.0,0.0,0.0,0.0
BF550303,34557.866178154945,15212.090161561966,0.4401918244355602,0.0,0.0,15212.090161561966,0.0,0.0,0.0
BF550304,25275.62479019165,0.0,0.0,0.0,0.0,0.0,0.0,0.0,0.0
BF550305,19159.189563035965,0.0,0.0,0.0,0.0,0.0,0.0,0.0,0.0
BF550306,79982.41697335243,37024.865312576294,0.46291255895544875,0.0,0.0,567.9055895805359,36456.95972299576,0.0,0.0
BF550307,48001.46867322922,0.0,0.0,0.0,0.0,0.0,0.0,0.0,0.0
BF560101,37738.21142601967,18751.54544568062,0.49688484793298493,7890.6382257938385,15526.929529190063,0.0,0.0,10640.553519010544,5051.714647293091
BF560102,167873.27269768715,130097.74352383614,0.7749759174476888,91544.95369315147,84966.45107960701,0.0,14480.166275501251,53339.7599132061,65631.868901968
BF560103,31715.757184505463,25445.732847690582,0.8023057024828636,24203.89630651474,16607.0325152874,0.0,0.0,20116.80339074135,21776.584676742554
BF560104,28619.513475179672,19742.849818706512,0.6898387645837704,16805.942650556564,15880.29041481018,0.0,0.0,7757.733457803726,4035.72407579422
BF560105,24289.2999894619,19345.15948820114,0.7964477978613705,13395.679974794388,10203.54094004631,0.0,0.0,14871.80512213707,9445.208203554153
BF560201,63994.85302567482,16286.015831232071,0.2544894637807528,15864.195992469788,2261.9121265411377,0.0,131.91138172149658,1124.5578925609589,5603.1760330200195
BF560202,145952.30053043365,111869.9882030487,0.76648321264194,83852.53811693192,66608.78613138199,28284.60249853134,26751.684329986572,19894.04778432846,89625.33475255966
BF560203,25644.5761179924,20135.594872951508,0.785179477340795,20135.594872951508,13011.22304224968,0.0,10205.93065571785,805.3071660995483,13371.068623781204
BF560204,40734.526190280914,35051.67773151398,0.8604906208502103,31114.94004559517,21127.11842060089,0.0,0.0,11361.343950748444,12681.400679588318
BF560205,34405.7346200943,18860.19927406311,0.5481702245952922,12746.392814159393,11826.910038471222,0.0,0.0,0.0,18022.097677230835
BF560206,42425.052674770355,34151.911037921906,0.8049939572198014,28049.252953529358,19659.43129301071,0.0,0.0,18458.68444776535,28293.708563804626
BF560301,134810.2204401493,88008.41579842567,0.6528319255845896,46905.18223810196,50466.96017694473,6223.010898113251,8521.26786518097,43330.25766205788,26872.8301486969
BF560302,37760.42351984978,27877.20890712738,0.7382652605173504,22218.789133548737,3718.499235868454,0.0,0.0,17607.037242412567,11353.3014087677
BF560303,8526.33119559288,3380.7865303754807,0.39651128402365526,1614.9265285730362,1762.019342660904,0.0,0.0,2449.325339913368,1762.019342660904
BF560304,82104.47030234337,72927.27255296707,0.8882253583077514,61502.60469579697,41509.26734972,0.0,28017.267268657684,60399.80894470215,41762.22046852112
BF560305,34598.06826353073,30926.532328605652,0.8938803199369606,22739.963910102844,22374.181076049805,0.0,8417.982177734375,27607.310648918152,12269.481897830963
BF560306,29900.116537332535,14007.539308786392,0.4684777496200368,2747.4368422031403,7599.00049495697,0.0,0.0,5457.071995258331,0.0
BF560307,23299.031846642494,14338.142013549805,0.6153964726056204,7310.908216953278,3461.8823676109314,0.0,0.0,13360.855975866318,1541.7036709785461
BF560308,35462.33781051636,31905.464375972748,0.8996999731504216,26191.249170780182,27177.186646461487,0.0,0.0,27067.65620470047,28140.592284202576
BF560309,98947.094571352,61101.444066762924,0.6175163033483707,31457.32400727272,27792.81195998192,0.0,0.0,56395.8625729084,7013.62499666214
BF560401,33455.79932165146,21031.864377975464,0.6286462976349919,18912.612300872803,13677.394043445587,0.0,0.0,1263.3722352981567,11555.001342773438
BF560402,61289.68469572067,45463.854696273804,0.7417864020998651,40422.30753946304,27493.370815753937,6133.450134277344,0.0,31259.957077026367,17724.780393123627
BF560403,44419.313411951065,40232.83438515663,0.9057509289266039,30475.694393396378,18330.21784067154,0.0,8597.78462934494,23727.035452365875,31911.393998622894
BF560404,25398.062602758408,14130.998526334763,0.5563809628849421,12695.813781023026,5883.315041542053,0.0,3684.2865900993347,4017.692928314209,3684.2865900993347
BF560405,26007.698045253754,19680.620491981506,0.7567228924965583,12269.584790706635,6382.3051500320435,0.0,0.0,11892.364632606506,9605.348757743835
BF560406,31209.846227645874,17698.66763973236,0.5670860250524007,13706.040914535522,2775.6011424064636,0.0,0.0,4035.1825408935547,4797.81760263443
BF570102,49828.48792409897,22724.05959391594,0.45604553821762095,19340.43495774269,22249.39076924324,0.0,19815.10378241539,0.0,0.0
BF570103,8058.9728927612305,0.0,0.0,0.0,0.0,0.0,0.0,0.0,0.0
BF570101,26705.814489364624,8174.551616191864,0.3060963229354908,0.0,3161.985921859741,0.0,0.0,0.0,5012.565694332123
BF570104,61816.38519906998,4936.033110618591,0.07984991511106433,4936.033110618591,4936.033110618591,0.0,0.0,0.0,0.0
BF570105,10978.52654004097,2382.0287313461304,0.21697162389309496,0.0,0.0,0.0,2382.0287313461304,0.0,0.0
BF570201,58447.005138874054,21567.186057567596,0.3690041261536412,0.0,3938.1987047195435,17922.231918811798,17922.231918811798,0.0,0.0
BF570202,40659.22376704216,0.0,0.0,0.0,0.0,0.0,0.0,0.0,0.0
BF570203,44708.398627758026,5298.7711844444275,0.11851847409167969,0.0,5204.945784568787,0.0,0.0,0.0,93.82539987564087
BF570204,13080.82268357277,0.0,0.0,0.0,0.0,0.0,0.0,0.0,0.0
BF570205,10967.338882684708,0.0,0.0,0.0,0.0,0.0,0.0,0.0,0.0
BF570206,26254.53057909012,4583.367711544037,0.1745743538524496,4583.367711544037,0.0,0.0,0.0,0.0,0.0
BF570207,8980.853320598602,0.0,0.0,0.0,0.0,0.0,0.0,0.0,0.0
BF570208,25998.643710136414,0.0,0.0,0.0,0.0,0.0,0.0,0.0,0.0
BF570301,40658.00782871246,9532.855008602142,0.23446439010890474,0.0,0.0,9532.855008602142,9532.855008602142,0.0,0.0
BF570302,16590.173736572266,1044.2626128196716,0.06294464599352828,0.0,0.0,0.0,1044.2626128196716,0.0,0.0
BF570303,11510.644575595856,1875.732915878296,0.16295637516730443,0.0,1875.732915878296,0.0,0.0,0.0,0.0
BF570304,19261.89169049263,4515.199026823044,0.23441098617804376,4515.199026823044,0.0,4515.199026823044,0.0,0.0,0.0
BF570305,13054.559742450714,0.0,0.0,0.0,0.0,0.0,0.0,0.0,0.0
BF570401,11739.855090379715,6047.901424407959,0.5151598020459335,2740.7127890586853,0.0,0.0,5231.298605918884,0.0,0.0
BF570402,21282.788197040558,0.0,0.0,0.0,0.0,0.0,0.0,0.0,0.0
BF570403,59323.271686553955,30089.66849040985,0.5072152569297672,22017.86048603058,23334.333360671997,0.0,0.0,20552.97197818756,26062.41861629486
BF570404,68107.60230636597,33875.82190656662,0.49738679324202656,29639.212248325348,21077.199194908142,0.0,29879.838178157806,0.0,0.0
BF570405,19550.20817375183,2282.8150873184204,0.11676679179218842,2282.8150873184204,0.0,2282.8150873184204,0.0,0.0,0.0
BF570406,67769.07866859436,16606.57599401474,0.24504650675899747,16279.861918926239,0.0,326.714075088501,326.714075088501,0.0,10473.904215335846
BF570407,74473.3195719719,31452.93030309677,0.4223382344693295,13261.13556432724,14149.127423286438,8714.173350811005,8714.173350811005,10457.652644634247,14187.975008964539
BF570408,12448.017875432968,0.0,0.0,0.0,0.0,0.0,0.0,0.0,0.0
BF570409,27261.37727022171,645.9841051101685,0.02369594531879331,641.3781051635742,0.0,0.0,4.605999946594238,0.0,0.0
BF570410,10300.189174175262,0.0,0.0,0.0,0.0,0.0,0.0,0.0,0.0
