GID_3,NTL_mean,NTL_min,NTL_max,NTL_median,NTL_stdDev
BEN.1.1.1_1,0.3463899046300848,0.22083333134651184,3.367500066757202,0.28828141328809054,0.2720581250995485
BEN.1.1.2_1,0.27726670892873095,0.2108333259820938,0.8224999904632568,0.27170818469158353,0.03195564379584859
BEN.1.1.3_1,0.37121953596792984,0.2358333319425583,3.7066667079925537,0.2892116852190854,0.30755372056469493
BEN.1.1.4_1,0.2797506492840832,0.19333332777023315,2.431666612625122,0.27297313729304074,0.0820494368778504
BEN.1.1.5_1,0.2801349832562825,0.20499999821186066,2.573333263397217,0.2731214283245157,0.08755764457098503
BEN.1.1.6_1,0.2836020370330208,0.22083333134651184,0.7516666650772095,0.27561430354552885,0.04614155122014238
BEN.1.1.7_1,0.2770765869331148,0.20333333313465118,1.034999966621399,0.2716758206283635,0.050495803593578116
BEN.1.1.8_1,0.2858958086033074,0.21166667342185974,1.2091666460037231,0.27151852671026144,0.07221419890897611
BEN.1.1.9_1,0.33800547768801764,0.21833333373069763,8.683333396911621,0.27648355399388,0.3472616433758932
BEN.1.1.10_1,0.2917421020015787,0.22583332657814026,0.6675000190734863,0.2779007496185673,0.05694329116066857
BEN.1.2.1_1,0.26361878642870246,0.1758333295583725,1.371666669845581,0.2537876912355232,0.05964266471209169
BEN.1.2.2_1,0.2816610334983215,0.20416666567325592,1.4225000143051147,0.2616696533878401,0.10774344373683761
BEN.1.2.3_1,0.28368402808972554,0.2083333283662796,0.9258333444595337,0.2755656375745757,0.05810104396042725
BEN.1.2.4_1,0.26731551758290983,0.14666666090488434,5.138333320617676,0.23435628912383513,0.15622244122937526
BEN.1.2.5_1,0.29376189399333796,0.15916666388511658,2.070833444595337,0.26152251166383333,0.11635070003834325
BEN.1.2.6_1,0.2996678616220236,0.19249999523162842,5.516666412353516,0.29446634492011925,0.19433496101342757
BEN.1.3.1_1,0.32143783795557945,0.20083333551883698,7.279167175292969,0.29413709101153523,0.23381797110510072
BEN.1.3.2_1,0.31884204322571796,0.22750000655651093,1.337499976158142,0.3006584817242057,0.07217271667286981
BEN.1.3.3_1,0.2819501422332986,0.22083333134651184,0.6700000166893005,0.27618436094614757,0.03531194164021502
BEN.1.3.4_1,0.3144013559701863,0.21666666865348816,3.547499895095825,0.2885265967310734,0.2160067803351331
BEN.1.3.5_1,1.1145890594280858,0.3075000047683716,12.271666526794434,0.4706319885758396,1.5911447055761012
BEN.1.3.6_1,0.5935120423196347,0.2708333432674408,12.271666526794434,0.4011370562300046,0.8764472494045957
BEN.1.3.7_1,0.31194060095721127,0.23416666686534882,0.9749999642372131,0.29869864076856556,0.06210443351438635
BEN.1.3.8_1,0.3099138012013368,0.23666666448116302,1.5483334064483643,0.29286078350067557,0.09341493726544797
BEN.1.3.9_1,0.25943247356928045,0.20416666567325592,0.4116666615009308,0.25833332538604736,0.01890631302192389
BEN.1.3.10_1,0.2734247308610718,0.21250000596046448,0.7008333206176758,0.2686850660775513,0.03747552360357542
BEN.1.4.1_1,0.2637292465033893,0.20333333313465118,0.4633333384990692,0.26075301566672837,0.024852359414409424
BEN.1.4.2_1,0.3912729605522673,0.21583333611488342,13.081665992736816,0.27665461913925254,1.0323905923820442
BEN.1.4.3_1,0.40179035405376506,0.1966666728258133,18.640832901000977,0.2898532785495734,0.512118874944597
BEN.1.4.4_1,0.32467831047529394,0.2058333307504654,7.872499942779541,0.26671658444302676,0.3101392243368292
BEN.1.4.5_1,0.3531592979683918,0.20999999344348907,9.233333587646484,0.27546165584513016,0.40069573896392363
BEN.1.5.1_1,0.27194972336112677,0.18333333730697632,0.4050000011920929,0.27280511764774035,0.025827442492515507
BEN.1.5.2_1,0.3001265655690353,0.19499999284744263,2.5875000953674316,0.2886875956697767,0.11040433354775238
BEN.1.5.3_1,0.29489944568361603,0.2083333283662796,1.4866666793823242,0.28487892147022137,0.07334505320593114
BEN.1.5.4_1,0.4480238128447701,0.2175000011920929,4.56416654586792,0.2952553945009722,0.5003666956287839
BEN.1.5.5_1,0.28644151218609964,0.21416667103767395,2.0158333778381348,0.27737063551534424,0.09126570844434156
BEN.1.6.1_1,0.29596626743835314,0.2016666680574417,2.3274998664855957,0.2734602259250435,0.13168650192246908
BEN.1.6.2_1,0.3044852002755716,0.20333333313465118,1.2308332920074463,0.2930377014476837,0.06457161029345519
BEN.1.6.3_1,0.31137420634689095,0.22583334147930145,1.84333336353302,0.2928436561129901,0.07340989395951718
BEN.1.6.4_1,0.2972417006253998,0.2133333384990692,1.6425000429153442,0.2848639655393568,0.09801544441995558
BEN.1.6.5_1,0.2865580417392837,0.18083332479000092,2.180000066757202,0.2731748848751211,0.07581575922273562
BEN.2.1.1_1,0.36454098024079734,0.2241666615009308,1.006666660308838,0.32192460422467206,0.12871719822706243
BEN.2.1.2_1,0.2845560740729551,0.22166666388511658,0.9041666388511658,0.26000906293701515,0.10003251629241411
BEN.2.1.3_1,0.32286193060973134,0.2175000011920929,2.761666774749756,0.28916363721743316,0.17175327375796312
BEN.2.1.4_1,0.28400843227610667,0.1899999976158142,1.3174999952316284,0.26944458496084356,0.08706326756015914
BEN.2.1.5_1,0.3369356542468778,0.22166666388511658,2.5199999809265137,0.3043380088655743,0.1444109328220451
BEN.2.1.6_1,0.3690687604409207,0.23083333671092987,2.761666774749756,0.3054391346906335,0.25050648686959376
BEN.2.1.7_1,0.3192772680598313,0.20333333313465118,2.4674999713897705,0.2882365129392876,0.20002886998086794
BEN.2.1.8_1,0.2833137746801488,0.17916665971279144,0.9450000524520874,0.2792793739644103,0.06266499742511626
BEN.2.2.1_1,0.3128130928478965,0.19499999284744263,1.909166693687439,0.26932687738394934,0.16490127162941148
BEN.2.2.2_1,0.2835251970732568,0.20749999582767487,4.1541666984558105,0.25766729615506345,0.1557405226923554
BEN.2.2.3_1,0.2924941923048756,0.20083333551883698,1.9500000476837158,0.2697001049988481,0.10730906168751844
BEN.2.2.4_1,0.31364920783242983,0.21333332359790802,4.231666564941406,0.2674485323707301,0.2537765893700391
BEN.2.3.1_1,0.268745554826877,0.14749999344348907,2.1516666412353516,0.2570209600510751,0.09369630592099967
BEN.2.3.2_1,0.3179425359276711,0.20999999344348907,5.119999885559082,0.2649118253860611,0.1785382333570163
BEN.2.3.3_1,0.278324043346573,0.1599999964237213,4.071666717529297,0.2572119129512842,0.1461932131633442
BEN.2.3.4_1,0.423431578887447,0.1875,49.2308349609375,0.29644566993256266,1.656457731355131
BEN.2.4.1_1,0.2496410051067926,0.16833333671092987,1.0866665840148926,0.23995405355017294,0.05930066680445734
BEN.2.4.2_1,0.27131520913139595,0.20000000298023224,0.778333306312561,0.2553886066648431,0.06298721258612164
BEN.2.4.3_1,0.25336164421874496,0.17416666448116302,0.8391666412353516,0.24407445365780733,0.0486055470538067
BEN.2.4.4_1,0.29537470500562407,0.18333333730697632,8.642499923706055,0.2730703322695238,0.21873494150179923
BEN.2.4.5_1,0.27967288774836674,0.17083333432674408,1.6916667222976685,0.25367440149562415,0.12520199789031117
BEN.2.4.6_1,0.2771943978849807,0.17499999701976776,1.4466667175292969,0.253766450663982,0.08783958691170657
BEN.2.5.1_1,0.3390458889494504,0.21833333373069763,3.6633334159851074,0.288438797007392,0.26901773260925205
BEN.2.5.2_1,0.31684685130481555,0.20916666090488434,4.538333415985107,0.2657944151807443,0.20588748370334078
BEN.2.5.3_1,0.3273866522979342,0.21416667103767395,3.237499952316284,0.2885934589148187,0.19617909565639904
BEN.2.5.4_1,0.31361356625537296,0.2175000011920929,1.6058334112167358,0.2849197264869623,0.13241076631538493
BEN.2.5.5_1,0.2991346335486017,0.18833333253860474,2.4058332443237305,0.2732816015950988,0.1574943889883271
BEN.2.5.6_1,0.28427819430616996,0.2108333259820938,1.3033332824707031,0.26980335210090584,0.07908428462451955
BEN.2.6.1_1,0.321222639957198,0.2083333283662796,3.7266666889190674,0.289052170581152,0.2071887294676665
BEN.2.6.2_1,0.31053443406162434,0.20416666567325592,2.1616666316986084,0.2771435919805841,0.16418219428216407
BEN.2.6.3_1,0.26333183461453585,0.18333333730697632,1.0774999856948853,0.2556918357747472,0.06320390711113885
BEN.2.6.4_1,0.9134515385702828,0.2750000059604645,8.257499694824219,0.5276299407259022,1.1819802653831466
BEN.2.6.5_1,0.5703086293216326,0.2358333319425583,8.257499694824219,0.2790844835021005,0.962033502505473
BEN.2.6.6_1,0.8537464486609397,0.2083333432674408,8.257499694824219,0.40616799714423846,1.2247762301215814
BEN.2.6.7_1,0.30172067201302205,0.20499999821186066,1.284999966621399,0.2772764536784828,0.10121050215768033
BEN.2.6.8_1,0.2881893825716996,0.1808333396911621,0.7316666841506958,0.2718235644903046,0.06833865607277435
BEN.2.7.1_1,0.25670379749636324,0.17000000178813934,1.319166660308838,0.23837642794401578,0.07935951660151244
BEN.2.7.2_1,0.2598140999310125,0.15000000596046448,4.454999923706055,0.23386996754061914,0.14082952303358606
BEN.2.7.3_1,0.25931692525276434,0.164166659116745,1.2241666316986084,0.2455169411108024,0.07374743586162318
BEN.2.8.1_1,0.3273200994667233,0.23499999940395355,3.0349998474121094,0.2881976887132675,0.19720801521375525
BEN.2.8.2_1,0.28528436658464146,0.21916666626930237,1.2308332920074463,0.2777224534278313,0.05555685391306792
BEN.2.8.3_1,0.3389969107412572,0.21416667103767395,2.612499952316284,0.2886257111953566,0.25060792412266664
BEN.2.8.4_1,0.3924228126680225,0.2316666692495346,3.2983334064483643,0.2885162961451125,0.33081354513085237
BEN.2.8.5_1,0.8324390473283744,0.1941666603088379,251.45834350585938,0.3652356146886165,4.657934076773132
BEN.2.9.1_1,0.2870567050950255,0.19499999284744263,3.2658333778381348,0.2727507498535642,0.13385652674276582
BEN.2.9.2_1,0.32893526410645585,0.22166666388511658,1.8850001096725464,0.28473260357630065,0.16330999279513744
BEN.2.9.3_1,0.308315336850646,0.19499999284744263,3.0791666507720947,0.2733091259890939,0.14711540971187728
BEN.3.1.1_1,2.3550583946268335,0.38083332777023315,15.701666831970215,1.3424767783061822,2.5023997893914056
BEN.3.1.2_1,7.233984757886353,1.4199999570846558,15.701666831970215,7.511626542212447,3.6196013722044005
BEN.3.1.3_1,7.050765276783394,1.0750000476837158,20.61166763305664,6.699365759317854,4.1953066683422495
BEN.3.1.4_1,1.094020356965642,0.4350000023841858,4.3433332443237305,0.9275000095367432,0.6387626774652513
BEN.3.1.5_1,2.5706877963437313,0.6258333325386047,7.289166450500488,2.4518469618681897,1.3074103872128298
BEN.3.1.6_1,0.3919789131448526,0.29083332419395447,1.0291666984558105,0.3699821351898764,0.08881752948176813
BEN.3.1.7_1,1.6364787448307605,0.5083333253860474,6.175833225250244,1.4616667032241821,0.9611697907553162
BEN.3.1.8_1,3.2574534821716083,0.7350000143051147,18.88249969482422,2.8211269053824966,2.211019235077405
BEN.3.1.9_1,0.5994689046848372,0.32249999046325684,1.93833327293396,0.4891666769981384,0.27538602484855784
BEN.3.2.1_1,1.315505493184437,0.3016666769981384,20.17333221435547,0.42898075105752753,3.0397847756952685
BEN.3.2.2_1,0.5489177504832613,0.32999998331069946,1.3641667366027832,0.4965033637874321,0.18879731808378633
BEN.3.2.3_1,0.9409393626262674,0.3075000047683716,3.570833206176758,0.7143300238367469,0.6361771437721698
BEN.3.2.4_1,0.5124807488205919,0.32750001549720764,1.375,0.43261905227388653,0.19248345388486543
BEN.3.2.5_1,0.3516732240712791,0.25999999046325684,0.7716666460037231,0.3377040943057343,0.07683762495655863
BEN.3.2.6_1,0.5379758147208975,0.32500001788139343,2.2808332443237305,0.4878403760848793,0.19248118241179438
BEN.3.2.7_1,0.5392966522013052,0.3266666829586029,3.445833206176758,0.45974028181471144,0.31239295868178235
BEN.3.2.8_1,0.3681804555971436,0.25833332538604736,0.9074999690055847,0.3415160440618535,0.08154399762411117
BEN.3.2.9_1,0.32687728764673624,0.28333333134651184,0.39750000834465027,0.32333332300186163,0.025391831472889544
BEN.3.2.10_1,0.66858626348916,0.3491666615009308,1.6416666507720947,0.5792161591032207,0.265520841464214
BEN.3.2.11_1,0.6562671513763044,0.35499998927116394,2.072499990463257,0.49451339836389946,0.35268350555376826
BEN.3.2.12_1,0.34340745131259853,0.27916666865348816,0.7716666460037231,0.3326203809844122,0.05439194177413003
BEN.3.3.1_1,0.34791460441424354,0.27916666865348816,0.54666668176651,0.33446842566914925,0.04714679134430925
BEN.3.3.2_1,0.5181839443463703,0.2849999964237213,1.127500057220459,0.41204049683253474,0.2099060698283771
BEN.3.3.3_1,0.7050272837926883,0.29750001430511475,4.549166679382324,0.4845651061552435,0.7041414983757265
BEN.3.3.4_1,0.3652328209126663,0.2691666781902313,0.6041666269302368,0.36004918009364006,0.05457331070121112
BEN.3.3.5_1,0.4537419400776609,0.25833332538604736,1.1833332777023315,0.4085732676271736,0.15220851134352742
BEN.3.3.6_1,0.4766732302966552,0.29249998927116394,2.9091665744781494,0.3812703391160619,0.3373563667756155
BEN.3.3.7_1,0.3679092408430981,0.28833332657814026,0.54666668176651,0.3625000001743106,0.044965306366779555
BEN.3.3.8_1,0.41625871130117986,0.2841666638851166,1.5566667318344116,0.37032457509503053,0.14982614148773576
BEN.3.3.9_1,0.4171744991329449,0.27416667342185974,0.9741666316986084,0.38089921102966756,0.12075874054309525
BEN.3.4.1_1,0.8539181713116301,0.3700000047683716,3.4641666412353516,0.4899722311404606,0.7365789165099534
BEN.3.4.2_1,1.922153217229305,0.4333333373069763,4.415833473205566,1.3650000095367432,1.3467015000205587
BEN.3.4.3_1,1.458016542017053,0.4566666781902313,4.532500267028809,0.7757737849439893,1.288628007139897
BEN.3.4.4_1,1.8041930512237125,0.4950000047683716,4.305833339691162,1.3450000286102295,1.2027419395828929
BEN.3.4.5_1,0.6752825619436533,0.3725000023841858,2.176666736602783,0.6004107104495517,0.28141922889204984
BEN.3.4.6_1,0.4286966443988042,0.2383333295583725,1.4116666316986084,0.3917048626881107,0.1548774414204093
BEN.3.4.7_1,0.6136381432881604,0.32249999046325684,2.7833333015441895,0.5532942508269544,0.2806740157822979
BEN.3.4.8_1,0.39013397261662724,0.28999999165534973,1.1649999618530273,0.3696265954105585,0.10625508718319891
BEN.3.4.9_1,1.4193077999230232,0.47749999165534973,4.208333492279053,1.1509473976860956,0.7831810919512286
BEN.3.4.10_1,0.6903638605694287,0.28166666626930237,3.8575000762939453,0.571704033937825,0.46664303292698184
BEN.3.5.1_1,0.45831873437420734,0.3333333134651184,0.699999988079071,0.44821605663573366,0.06440783028263998
BEN.3.5.2_1,0.4422771095704172,0.32999998331069946,0.6633332967758179,0.4417157433927059,0.057874542947070035
BEN.3.5.3_1,1.2712728307263852,0.6641666889190674,2.932499885559082,1.2277925965300027,0.38648758254270454
BEN.3.5.4_1,1.1832734148303274,0.65583336353302,2.007499933242798,1.1158332824707031,0.29926518272139724
BEN.3.5.5_1,0.47132088178803727,0.3383333384990692,0.5849999785423279,0.4724999964237213,0.04755524851852828
BEN.3.5.6_1,0.6822088358045316,0.4675000011920929,1.4574999809265137,0.6429166495800018,0.1690710814178374
BEN.3.5.7_1,0.6323213754299284,0.3383333384990692,1.2908333539962769,0.6226201223897504,0.15558316822159435
BEN.3.6.1_1,0.31681703015063795,0.25833332538604736,0.39750000834465027,0.31166666746139526,0.028151464151185867
BEN.3.6.2_1,0.420393412804704,0.27250000834465027,3.445833206176758,0.36482039677822375,0.24065713190076146
BEN.3.6.3_1,0.36747021291493576,0.2658333480358124,0.8650000095367432,0.34160719182886445,0.09021620947709125
BEN.3.6.4_1,0.3230535615409541,0.25833332538604736,0.39750000834465027,0.32249999046325684,0.025136093557196596
BEN.3.6.5_1,0.47442517286813024,0.23083333671092987,3.445833206176758,0.3827702500873265,0.3238831639545376
BEN.3.6.6_1,0.3192294726813532,0.2150000035762787,1.027500033378601,0.29870543916508085,0.0730040935037362
BEN.3.6.7_1,0.3152623121413808,0.2224999964237213,0.4424999952316284,0.3141666650772094,0.03333775166327343
BEN.3.6.8_1,0.39078505401762165,0.289166659116745,0.85916668176651,0.37051055344359796,0.08062314379940534
BEN.3.6.9_1,0.38953006228969145,0.24916666746139526,1.662500023841858,0.3384739783413509,0.18187520285291855
BEN.3.6.10_1,0.34778351080214653,0.2199999988079071,0.9333333373069763,0.31387640754311985,0.10052321721829918
BEN.3.7.1_1,0.5021463630838947,0.3774999976158142,1.0666667222976685,0.45523256350806174,0.11560487975144192
BEN.3.7.2_1,0.4135214055257814,0.3016666769981384,0.7991666793823242,0.38775757920258674,0.0790616068112141
BEN.3.7.3_1,0.37700491990705676,0.25833332538604736,0.9125000238418579,0.35315461125522196,0.08540908668545702
BEN.3.7.4_1,0.42393543629923763,0.27916666865348816,1.846666693687439,0.3635064797269687,0.19002064416657719
BEN.3.7.5_1,0.6584247220343664,0.40666666626930237,1.5816667079925537,0.5909523708479745,0.1975780774551609
BEN.3.7.6_1,0.41360095798500746,0.3058333396911621,0.9649999737739563,0.38876798618745817,0.08374996441151532
BEN.3.8.1_1,0.4509326259878624,0.3100000023841858,1.440833330154419,0.41849043476826586,0.14093487261430093
BEN.3.8.2_1,0.4093355128958247,0.30250000953674316,1.440833330154419,0.38697502344722035,0.13001473273579406
BEN.3.8.3_1,0.3079392982238187,0.19333332777023315,0.46416667103767395,0.3078417265493064,0.028593050503955
BEN.3.8.4_1,0.5106802017491763,0.3466666638851166,1.0866667032241821,0.4548598997669186,0.13675101876402246
BEN.3.8.5_1,0.31666547501313225,0.25083333253860474,0.3725000023841858,0.3166666626930237,0.023053477126354208
BEN.3.8.6_1,0.3430564598121839,0.2683333456516266,0.4441666603088379,0.34118497876836035,0.027443649077697498
BEN.3.8.7_1,0.34909696341830554,0.27416667342185974,0.8125,0.3377516873514019,0.062163870165393396
BEN.3.8.8_1,0.30096700447117347,0.23416666686534882,0.3558333218097687,0.3016666769981384,0.0211080580148856
BEN.3.8.9_1,0.6584624651955033,0.3491666615009308,2.1533334255218506,0.5034321491805284,0.3700711088379771
BEN.3.8.10_1,0.642474921907088,0.4099999964237213,3.7833333015441895,0.5535217303040924,0.2567118946070608
BEN.3.8.11_1,0.46837096868666434,0.26750001311302185,3.0908334255218506,0.35162820828898206,0.34691914769790094
BEN.4.1.1_1,0.27056620049399416,0.17083333432674408,2.1083333492279053,0.2537756298998302,0.11457000622988867
BEN.4.1.2_1,0.2590402263084244,0.1550000011920929,1.4558333158493042,0.245686599054843,0.07417295567351634
BEN.4.1.3_1,0.24974097114019514,0.13833333551883698,1.0916666984558105,0.24798790468196588,0.047361039289406576
BEN.4.1.4_1,0.25573374083437567,0.1391666680574417,1.3949999809265137,0.2457579653376136,0.07764577338152027
BEN.4.1.5_1,0.25074363271131855,0.1616666615009308,1.2458332777023315,0.24594792089764472,0.05993446643461142
BEN.4.2.1_1,0.27611809620662364,0.18833333253860474,1.8883333206176758,0.26175497465868014,0.0870785394722548
BEN.4.2.2_1,0.25598627477133745,0.1691666692495346,3.246666669845581,0.2575015801338028,0.0995231509214511
BEN.4.2.3_1,0.2817323670876366,0.18416666984558105,3.556666612625122,0.27284450802474475,0.13299326410409668
BEN.4.2.4_1,0.2436371866335163,0.1391666680574417,1.2966666221618652,0.23035782266930982,0.06599339772315391
BEN.4.2.5_1,0.29643136721538726,0.1783333420753479,1.8241666555404663,0.2775818679751599,0.09379021723695163
BEN.4.2.6_1,0.253962855228614,0.15166667103767395,0.6649999618530273,0.24781484732836562,0.0443507354060278
BEN.4.3.1_1,0.2593272660773318,0.15416666865348816,1.8508334159851074,0.2537186093427683,0.05427122653017811
BEN.4.3.2_1,0.2735660708740025,0.18333333730697632,0.9574999809265137,0.25999588578494753,0.06100914144212455
BEN.4.3.3_1,0.31967684338066665,0.1850000023841858,3.443333387374878,0.2567343313666962,0.2761850430543995
BEN.4.3.4_1,0.24857885474883892,0.17499999701976776,0.7991666793823242,0.2442498374281919,0.04253522652535765
BEN.4.3.5_1,0.2766944612441075,0.1733333319425583,2.309999942779541,0.25706939197794954,0.11408107518921466
BEN.4.4.1_1,0.2460286383281297,0.1574999988079071,0.7150000333786011,0.23990340673981833,0.044426557889379915
BEN.4.4.2_1,0.2415129412092694,0.15916666388511658,0.746666669845581,0.23997504827420402,0.03030609149633109
BEN.4.4.3_1,0.31789023851957615,0.1941666603088379,6.525833606719971,0.2659745093401604,0.28207687831644923
BEN.4.4.4_1,0.261191816726885,0.17083333432674408,0.7258333563804626,0.2599720985806134,0.03192705618678265
BEN.4.4.5_1,0.25751529975147824,0.1850000023841858,0.4325000047683716,0.2591666579246521,0.029110077578057635
BEN.4.4.6_1,0.27378817633218905,0.18416666984558105,0.39000001549720764,0.27666667103767395,0.032242053932469365
BEN.4.4.7_1,0.25804297080310223,0.16583333909511566,0.3583333194255829,0.25833332538604736,0.02785968484616326
BEN.4.5.1_1,0.729885565976688,0.16833332180976868,12.462499618530273,0.33950879662605216,1.2629359660264021
BEN.4.5.2_1,1.3502561424994612,0.2408333420753479,13.026666641235352,0.46872595749906204,2.1580329091366033
BEN.4.5.3_1,1.7096319317477149,0.210833340883255,13.026666641235352,0.4025690672847065,2.7153722634204343
BEN.4.6.1_1,0.24654031787331376,0.16750000417232513,0.4749999940395355,0.24509391578874679,0.031190150966389583
BEN.4.6.2_1,0.23879907416222929,0.164166659116745,0.3583333194255829,0.2387252526261652,0.02311261524526275
BEN.4.6.3_1,0.2521420048768976,0.18250000476837158,0.36666664481163025,0.25333333015441895,0.021908904392420082
BEN.4.6.4_1,0.25584342867001614,0.17749999463558197,0.6399999856948853,0.2570534155374977,0.0378020182372099
BEN.4.6.5_1,0.2887216212872213,0.17749999463558197,2.065000057220459,0.2539700742191267,0.1654606109745992
BEN.4.6.6_1,0.2558454463548468,0.17666666209697723,0.49666666984558105,0.25501765009147354,0.03462393101939396
BEN.4.7.1_1,0.25921075980630826,0.16833333671092987,0.7699999809265137,0.24790968014583184,0.053285571934972686
BEN.4.7.2_1,0.25273062010990577,0.16500000655651093,1.2058333158493042,0.23828640883340763,0.07563422172352655
BEN.4.7.3_1,0.2611209891807486,0.1899999976158142,4.509166717529297,0.2626938869820959,0.15087007810774566
BEN.4.7.4_1,0.2606639952946329,0.18083332479000092,1.7616666555404663,0.2457874297949676,0.09722203995085409
BEN.4.8.1_1,0.27951013961316773,0.17499999701976776,1.6991666555404663,0.26962791777947404,0.058414684692114305
BEN.4.8.2_1,0.29285821159157854,0.16750000417232513,7.818333148956299,0.2953096255765499,0.14254508508846914
BEN.4.8.3_1,0.2409465976218061,0.1508333384990692,0.7950000166893005,0.23253865583035346,0.045706742371537004
BEN.4.8.4_1,0.24243077361563733,0.15333333611488342,1.215833306312561,0.23817625503872547,0.04273983493767213
BEN.4.8.5_1,0.29747980606521485,0.18666666746139526,1.5158333778381348,0.28498752988402953,0.08707021323553779
BEN.4.8.6_1,0.2628814289219951,0.1458333283662796,2.9049999713897705,0.22626008284706192,0.18362203404205796
BEN.4.8.7_1,0.26015647754338406,0.15000000596046448,1.1100000143051147,0.251759896975771,0.053835682681385756
BEN.5.1.1_1,0.2819808122605517,0.17916665971279144,0.7325000166893005,0.27929865091668266,0.042552623179220914
BEN.5.1.2_1,0.2669934954093833,0.18000000715255737,0.6966666579246521,0.26370836850340307,0.0360919079286163
BEN.5.1.3_1,0.27030688138278913,0.18250000476837158,0.7950000166893005,0.2635951278317453,0.04415713850761023
BEN.5.1.4_1,0.3400930258885544,0.2058333307504654,1.618333339691162,0.27015406907327955,0.2043767782967541
BEN.5.1.5_1,0.27145804982901517,0.18250000476837158,0.8108333349227905,0.267441052212922,0.04231963190713389
BEN.5.1.6_1,0.2747346063167843,0.1733333319425583,2.9549999237060547,0.2570560055348483,0.14138249859105684
BEN.5.1.7_1,0.24707881999777237,0.1875,0.5641666650772095,0.24294612862394513,0.03560602007804903
BEN.5.1.8_1,0.24314400141114015,0.1550000011920929,0.7125000357627869,0.2400842374329193,0.032301165293412364
BEN.5.1.9_1,0.26163725740827876,0.1691666692495346,0.9608333110809326,0.2556937292307922,0.048325699552490886
BEN.5.2.1_1,0.2485266745971464,0.16833333671092987,0.40166667103767395,0.24166666813530965,0.03957944791850309
BEN.5.2.2_1,0.6570929333909352,0.2666666805744171,2.177500009536743,0.47125458308466195,0.4374949371384959
BEN.5.2.3_1,0.4236659676454243,0.22500000894069672,2.3558332920074463,0.3198513069459799,0.34606200222180844
BEN.5.2.4_1,0.2989655373182973,0.20416666567325592,0.67166668176651,0.2818026561339015,0.06312648203418728
BEN.5.2.5_1,0.33759628457211993,0.22583332657814026,0.8116666674613953,0.32622150151045765,0.060854576641645085
BEN.5.2.6_1,0.2949129686127008,0.17083333432674408,1.5225000381469727,0.28512556119312216,0.08647902712329099
BEN.5.2.7_1,0.30175895051501744,0.21416667103767395,0.5433333516120911,0.295873775417341,0.049342413817768827
BEN.5.2.8_1,0.24890481606900017,0.16249999403953552,1.3541666269302368,0.24585571505201498,0.060581443876336495
BEN.5.2.9_1,0.2817836649576098,0.17916667461395264,0.7300000190734863,0.2717220782447776,0.05157859615080674
BEN.5.2.10_1,0.28597342058542147,0.1966666728258133,1.0141667127609253,0.2672185039350548,0.06895679188604677
BEN.5.3.1_1,0.29031449967726364,0.1875,1.3824999332427979,0.2849191811161714,0.05951276797021591
BEN.5.3.2_1,0.2733651807993379,0.1899999976158142,0.9883333444595337,0.26765801569710135,0.052087095318554495
BEN.5.3.3_1,0.6825365458322543,0.25333333015441895,3.424166679382324,0.46046685737723847,0.5532576025182239
BEN.5.3.4_1,0.3578428815855791,0.21666666865348816,0.940833330154419,0.3223996257347443,0.12262197575435209
BEN.5.3.5_1,0.3211616513526532,0.21666666865348816,0.6966666579246521,0.30942472936618454,0.06323108778879609
BEN.5.3.6_1,0.35061120328159256,0.21916666626930237,1.0916666984558105,0.30706883619881203,0.12965303210688375
BEN.5.3.7_1,0.2922811155803869,0.18416666984558105,1.0608333349227905,0.2713155542224738,0.09759828876173343
BEN.5.3.8_1,0.3507576141588573,0.2199999988079071,0.8733333349227905,0.3137403056628112,0.10818325025657319
BEN.5.3.9_1,0.47899848065847667,0.2016666680574417,87.72917175292969,0.3388349929556776,1.9715380772580782
BEN.5.3.10_1,0.34622592368724664,0.21916666626930237,1.3283333778381348,0.3093087151646614,0.12002863823861502
BEN.5.4.1_1,0.2520328622946607,0.14666666090488434,1.880833387374878,0.2383378652683867,0.0525340788221123
BEN.5.4.2_1,0.26190471070768684,0.17166666686534882,0.4883333444595337,0.26082185433052474,0.03409132728835683
BEN.5.4.3_1,0.2787669763794085,0.17666666209697723,0.878333330154419,0.2718972589629925,0.04634856718636299
BEN.5.4.4_1,0.26611882923965136,0.14666666090488434,1.2133333683013916,0.25394654029196834,0.0808472424172163
BEN.5.4.5_1,0.23499403437281086,0.15833333134651184,0.8550000190734863,0.22827793715004302,0.049782337283538744
BEN.5.4.6_1,0.37680918909144945,0.2224999964237213,2.0391666889190674,0.3082057359074767,0.23084100874720845
BEN.5.4.7_1,0.3389091847713597,0.23250000178813934,0.7683333158493042,0.30330909259408434,0.11153194987560405
BEN.5.4.8_1,0.35069423726752375,0.21833333373069763,2.0391666889190674,0.3083323211995162,0.1778097043883203
BEN.5.4.9_1,0.24782717791946918,0.14000000059604645,0.6491666436195374,0.24413951456167662,0.039613566833236115
BEN.5.5.1_1,0.2672567914992198,0.1574999988079071,0.3933333158493042,0.26708827235842086,0.029798669138281372
BEN.5.5.2_1,0.26340711118833027,0.1391666680574417,1.2575000524520874,0.2618520312843672,0.055830927068821784
BEN.5.5.3_1,0.2837690388453189,0.20499999821186066,0.398333340883255,0.28363737895829816,0.028722077195013438
BEN.5.5.4_1,0.262135243616502,0.18166667222976685,0.5149999856948853,0.2547781370100983,0.04212140814695654
BEN.5.5.5_1,0.2913801467420793,0.19166666269302368,0.6299999952316284,0.28432959752596826,0.05447435709254393
BEN.5.5.6_1,0.2919927307217177,0.21583333611488342,0.40583333373069763,0.28961198893935547,0.02569398809563967
BEN.5.5.7_1,0.3488370198890778,0.2150000035762787,2.239166736602783,0.3034210458322434,0.15870373931283036
BEN.5.5.8_1,0.3556178067448077,0.25083333253860474,0.9041666984558105,0.3334990699416634,0.10027631132520294
BEN.5.5.9_1,0.27535817570287147,0.19583334028720856,1.1991666555404663,0.26156620697378086,0.08499668852573841
BEN.5.5.10_1,0.2721019440130575,0.1458333283662796,2.743333339691162,0.25681471581032084,0.07906060409135443
BEN.5.5.11_1,0.3069492030101925,0.17666666209697723,3.112499952316284,0.2885965171281056,0.14119439325529115
BEN.5.5.12_1,0.3424631569021341,0.1941666603088379,3.3383333683013916,0.28833832999652764,0.2931041053419209
BEN.5.5.13_1,0.5554441754356333,0.23749999701976776,3.112499952316284,0.3814749301624558,0.5042579474929868
BEN.5.5.14_1,0.28519191498421287,0.17749999463558197,2.058333396911621,0.2695289153171293,0.11736915160611142
BEN.5.6.1_1,0.5014355928730846,0.23666666448116302,2.2750000953674316,0.39379184461327726,0.30058841748817294
BEN.5.6.2_1,0.21946333751849217,0.14416666328907013,0.8349999785423279,0.21663931884592927,0.033074399581673415
BEN.5.6.3_1,0.6605726597265301,0.20666666328907013,1.5108333826065063,0.5745833218097687,0.32004089050050677
BEN.5.6.4_1,0.24449309844398348,0.15416666865348816,3.0441665649414062,0.22629296864078471,0.1282327503883053
BEN.5.6.5_1,0.7641033554928157,0.16750000417232513,87.72917175292969,0.2852118908960526,4.1542465068171675
BEN.5.6.6_1,0.2325162673210518,0.16083332896232605,0.3466666638851166,0.22709065400681264,0.03215535451719058
BEN.5.6.7_1,0.5356412595838485,0.20666666328907013,2.309999942779541,0.3196367720963625,0.4804196235917788
BEN.5.6.8_1,0.26398621806122413,0.16833333671092987,0.8550000190734863,0.25159891835694564,0.053281228446443354
BEN.6.1.1_1,0.30570456426455833,0.18833333253860474,3.200833320617676,0.27355245345719853,0.17588039825898874
BEN.6.1.2_1,0.2784333103501395,0.17083333432674408,2.0166666507720947,0.2696519533400537,0.09041653787100697
BEN.6.1.3_1,0.2745390724520381,0.1691666692495346,3.575000047683716,0.2573375246112841,0.0804201224722365
BEN.6.1.4_1,0.26702521999842505,0.17666666209697723,1.5208333730697632,0.2617895720852581,0.05151975242702308
BEN.6.2.1_1,0.2769135972888702,0.18833333253860474,1.5016666650772095,0.2616982832599924,0.12925946658237103
BEN.6.2.2_1,0.25954007138433915,0.16083332896232605,1.3083332777023315,0.23794481616329455,0.0953071865284688
BEN.6.2.3_1,0.2812961501611574,0.1733333319425583,1.0399999618530273,0.27156517396990487,0.07660659922560176
BEN.6.2.4_1,0.2663429221238926,0.17416666448116302,3.0166666507720947,0.24141537533863025,0.14252329843892625
BEN.6.5.1_1,0.3311779830162629,0.2175000011920929,1.3583333492279053,0.3010902727025727,0.12265119177198995
BEN.6.5.2_1,0.2534256437116262,0.14166666567325592,0.7933333516120911,0.2514685161070509,0.0464533535946267
BEN.6.5.3_1,0.2815998064478616,0.1808333396911621,0.9041666388511658,0.27559082645209354,0.07352152874787933
BEN.6.5.4_1,0.2848271820308246,0.1733333319425583,1.2008333206176758,0.26958955152767666,0.10010910121123123
BEN.6.5.5_1,0.2451081655094908,0.1433333307504654,1.5133333206176758,0.23821937158875983,0.06636908757899873
BEN.6.5.6_1,0.2749456005158525,0.16333332657814026,2.674166679382324,0.2577835678692181,0.11829570045778358
BEN.6.5.7_1,0.2569573075942272,0.11999999731779099,1.837499976158142,0.24591193775298684,0.08688516122659788
BEN.6.5.8_1,0.2859555758961858,0.1599999964237213,1.0708333253860474,0.27913959066284005,0.05585587687987246
BEN.6.5.9_1,0.29820574486017215,0.14166666567325592,2.1500000953674316,0.27324537346130506,0.12933045157934459
BEN.6.6.1_1,0.6427195725912229,0.24500000476837158,13.615833282470703,0.33583487564168973,1.3365791817069084
BEN.6.6.2_1,0.8505258436996135,0.2316666692495346,6.610000133514404,0.4515206829705263,1.0639170417881114
BEN.6.6.3_1,0.683280361981672,0.23250000178813934,14.78166675567627,0.28343730580037874,1.5998293662695968
BEN.6.4.1_1,0.35907728902396757,0.24583333730697632,1.5441666841506958,0.3164908123705595,0.14411706811286
BEN.6.4.2_1,0.3071482833495832,0.2224999964237213,0.9225000143051147,0.2988361715619017,0.06410530758235941
BEN.6.4.3_1,0.40450221946003834,0.22083333134651184,1.9558333158493042,0.3315623144707495,0.20545066168116202
BEN.6.4.4_1,0.3137589904721992,0.22583332657814026,1.0625,0.29090398989992,0.09529676513556579
BEN.6.4.5_1,0.2768490671938886,0.19583332538604736,0.5708333253860474,0.26895035466781353,0.04260508926806132
BEN.6.4.6_1,0.307965896325288,0.2108333259820938,1.6800000667572021,0.2853369240359772,0.10703604801175486
BEN.7.1.1_1,0.339793035208971,0.23416666686534882,2.0966665744781494,0.30814039035198176,0.1469210802213453
BEN.7.1.2_1,0.2890250359572039,0.19083333015441895,0.5350000262260437,0.2880514606639581,0.0362250028909579
BEN.7.1.3_1,1.3391723312520445,0.40583333373069763,4.235833168029785,0.9283333420753479,0.997093678293488
BEN.7.1.4_1,0.34760077920020077,0.2516666650772095,1.0199999809265137,0.3228430657226405,0.0840339316089145
BEN.7.1.5_1,0.30657475475052465,0.2549999952316284,0.4566666781902313,0.3033333420753479,0.026904252151845987
BEN.7.1.6_1,0.49929483051592416,0.27000001072883606,1.3866666555404663,0.4560049253789946,0.18830446652650373
BEN.7.1.7_1,0.29511167154555357,0.20916666090488434,0.6175000071525574,0.28998177756131205,0.03565231925556115
BEN.7.2.1_1,0.37009886231947153,0.24666666984558105,0.909166693687439,0.33807828792553307,0.10701203024936344
BEN.7.2.2_1,0.76995849534389,0.4699999988079071,1.2524999380111694,0.7397222320238749,0.1592968101842741
BEN.7.2.3_1,0.42515159705324235,0.29249998927116394,1.2858333587646484,0.35608973640661973,0.20234320712323828
BEN.7.2.4_1,0.5461141502574143,0.3608333468437195,1.2516666650772095,0.49000000953674316,0.1775614077359497
BEN.7.2.5_1,0.46622577724165715,0.3100000023841858,1.8858333826065063,0.40860805410462225,0.20684423639376592
BEN.7.2.6_1,0.5085056072861067,0.35999998450279236,0.8066666722297668,0.4883333295583725,0.09787799496381651
BEN.7.2.7_1,0.6512624128765018,0.4483333230018616,1.1966667175292969,0.6148541743425532,0.16901093029182032
BEN.7.2.8_1,0.42842240066711434,0.3075000047683716,1.8858333826065063,0.37905734428140775,0.21120190028064204
BEN.7.2.9_1,0.3099350888042122,0.24666666984558105,0.4699999988079071,0.3033333420753479,0.03798886636616992
BEN.7.2.10_1,0.36636320984529214,0.23999999463558197,2.1091666221618652,0.3165675284964016,0.19384916613365902
BEN.9.6.1_1,0.37192168828492,0.2541666626930237,0.8600000143051147,0.3491375023387879,0.08331457740811969
BEN.9.6.2_1,0.34534701633518355,0.2616666555404663,0.9700000286102295,0.3225003312917413,0.08424907444306928
BEN.9.6.3_1,0.5419750699851033,0.2541666626930237,1.5525000095367432,0.42836196108877334,0.25802476244108824
BEN.9.6.4_1,0.46612085020087646,0.3050000071525574,0.9958333373069763,0.43296296728981865,0.1214841573393637
BEN.9.6.5_1,0.35926924108607206,0.25583332777023315,0.5625,0.3504029731822771,0.046966745192404964
BEN.9.6.6_1,0.7596671936250141,0.3241666555404663,4.510000228881836,0.4512561929101076,0.7224940797188588
BEN.9.6.7_1,0.6529087767576516,0.3449999988079071,4.510000228881836,0.48491839857526314,0.5212880846764718
BEN.7.4.1_1,0.3481231920143014,0.2541666626930237,1.0299999713897705,0.3183140236673293,0.09221865363343637
BEN.7.4.2_1,0.2988613637334113,0.23416666686534882,0.42250001430511475,0.2954132234262041,0.03458904317003944
BEN.7.4.3_1,0.46674537423863055,0.31833332777023315,1.8308333158493042,0.4037804441146407,0.17949886426205697
BEN.7.4.4_1,0.43070249080540185,0.3174999952316284,0.9883333444595337,0.39648917324918953,0.10749048569910907
BEN.7.4.5_1,0.3934284772881523,0.26583331823349,0.971666693687439,0.3850868488543893,0.0940228608189344
BEN.7.4.6_1,0.5987581828690508,0.2524999976158142,2.2908332347869873,0.41246247762853044,0.40844664166726663
BEN.7.4.7_1,0.3064496971473823,0.21833333373069763,0.6050000190734863,0.29577401625951977,0.04800316651533028
BEN.7.4.8_1,0.40520944604556586,0.2524999976158142,1.0141667127609253,0.37416666746139526,0.14103360797419678
BEN.7.5.1_1,0.31277368110196235,0.22500000894069672,0.4050000011920929,0.3108333349227905,0.034217739056472074
BEN.7.5.2_1,0.3184337175800178,0.24416667222976685,0.4091666638851166,0.3178172612243029,0.025769520311132353
BEN.7.5.3_1,0.31668467020843627,0.24583333730697632,0.4050000011920929,0.31583333015441895,0.029173106997076936
BEN.7.5.4_1,0.35358428531317176,0.2783333361148834,0.4416666626930237,0.35083332657814026,0.03013778682786935
BEN.7.5.5_1,0.31875792801159225,0.2641666531562805,0.375,0.3174999952316284,0.020446789545456125
BEN.7.5.6_1,0.3309085821484736,0.2616666555404663,0.5883333086967468,0.3232732373138627,0.04379411320531315
BEN.7.5.7_1,0.37424428141939686,0.27166667580604553,0.8108333349227905,0.35375682105783557,0.0835029306043476
BEN.7.5.8_1,0.3382722657471478,0.2783333361148834,0.476666659116745,0.3333333432674408,0.030756882005713432
BEN.7.5.9_1,0.30759514392235343,0.2358333319425583,0.4491666555404663,0.3033333420753479,0.033917993738885856
BEN.7.5.10_1,0.30615952549290965,0.24833333492279053,0.3700000047683716,0.3083333373069763,0.02564315802357307
BEN.7.5.11_1,0.3251751689476631,0.27000001072883606,0.41583332419395447,0.3191666603088379,0.028643931878147153
BEN.7.6.1_1,0.53829985081265,0.3583333194255829,1.3766666650772095,0.4483333230018616,0.21592941477979025
BEN.7.6.2_1,0.3886092692868739,0.2633333206176758,0.49916666746139526,0.3791666626930237,0.04667509833673785
BEN.7.6.3_1,0.4886380898794378,0.33000001311302185,0.7566666603088379,0.4541666805744171,0.10994238894286815
BEN.7.6.4_1,0.384761835964661,0.3216666579246521,0.46166667342185974,0.3863105185870839,0.02945348630073632
BEN.7.6.5_1,0.3880158403738009,0.2633333206176758,1.0141667127609253,0.36939757021873587,0.09213721900285211
BEN.7.6.6_1,0.3793583625084112,0.3174999952316284,0.5141666531562805,0.3733333349227905,0.040930395741485555
BEN.7.6.7_1,0.37964084314704677,0.26499998569488525,0.9050000309944153,0.3612132386238463,0.09081808122444837
BEN.8.1.1_1,13.505837194433653,1.6899999380111694,22.25666618347168,14.369166374206541,4.142863473746512
BEN.8.1.2_1,16.214090542030526,9.981666564941406,20.975833892822266,15.817500114440918,2.746505410389711
BEN.8.1.3_1,19.71768729192054,14.070833206176758,38.14583206176758,18.55833244323731,5.134270923390413
BEN.8.1.4_1,29.204348807704125,10.21916675567627,81.26000213623047,30.375,12.197793894565153
BEN.8.1.5_1,13.328468736934617,6.805833339691162,37.31416702270508,13.649167060852053,4.108763679687571
BEN.8.1.6_1,12.372668317601494,1.7799999713897705,31.511667251586914,13.646666526794434,5.95790344047445
BEN.8.1.7_1,13.39343384336429,2.1024999618530273,31.511667251586914,14.473333358764648,6.098564369589317
BEN.8.1.8_1,20.17015845550991,5.819166660308838,31.511667251586914,20.925832748413086,7.081140004024121
BEN.8.1.9_1,37.420842050294404,7.268333435058594,81.26000213623047,34.83690446357368,17.37960853603525
BEN.8.1.10_1,8.400837030282087,1.5266666412353516,27.067501068115234,6.990000247955322,6.499645738736892
BEN.8.1.11_1,25.738090224091543,17.369998931884766,30.96666717529297,25.655834197998047,3.4727438380954316
BEN.8.1.12_1,18.990406048161308,9.328332901000977,23.93833351135254,18.143333435058594,2.592332764738867
BEN.8.1.13_1,8.946770946455434,1.7524999380111694,20.086666107177734,6.9033331871032715,5.965329508212668
BEN.9.1.1_1,0.39448365648771627,0.25083333253860474,1.8333333730697632,0.37089374202664094,0.13293963842378412
BEN.9.1.2_1,0.5686491555880765,0.31333333253860474,3.62583327293396,0.49325081452585134,0.3166598634187696
BEN.9.1.3_1,0.437906010053531,0.3400000035762787,0.6924999952316284,0.4302976259163448,0.06086830733109919
BEN.9.1.4_1,0.4976295404206546,0.3266666531562805,1.0475000143051147,0.4468827502875373,0.1379029838610131
BEN.9.2.1_1,0.3187746222837234,0.24166667461395264,0.47333332896232605,0.3191666603088379,0.024970249699827852
BEN.9.2.2_1,0.3221276586236926,0.24500000476837158,0.4466666579246521,0.32083332538604725,0.027716063647354332
BEN.9.2.3_1,0.4245990601004862,0.23416666686534882,1.7358332872390747,0.36368755877903713,0.2121605196667409
BEN.9.2.4_1,0.3263630276952419,0.24250000715255737,0.42916667461395264,0.32416665554046625,0.03745829431613214
BEN.9.2.5_1,0.4060765999728839,0.2841666638851166,1.1916667222976685,0.36494289754983406,0.13758877344967915
BEN.9.2.6_1,0.5426674153868094,0.23416666686534882,2.7966666221618652,0.4138618111081354,0.3676329575413513
BEN.9.2.7_1,0.3268234509710859,0.24333332479000092,0.4091666638851166,0.32750000024791515,0.0298716515930482
BEN.9.3.1_1,0.5020137945024096,0.2849999964237213,1.6649999618530273,0.418881634649549,0.22823531797267843
BEN.9.3.2_1,0.4141652183973154,0.273333340883255,0.8683333396911621,0.3931296096136716,0.09788854567257617
BEN.9.3.3_1,0.9605813581343416,0.3141666650772095,4.679166793823242,0.5174223895863282,0.9462527225844011
BEN.9.3.4_1,0.42037155150036565,0.25833332538604736,1.0858333110809326,0.39671915789454276,0.10631681937737764
BEN.9.3.5_1,0.641726743760549,0.3083333373069763,3.134166717529297,0.4290978200359418,0.49940464421381486
BEN.9.4.1_1,0.37070184401680245,0.2824999988079071,0.96916663646698,0.3454133393630032,0.09759674893960484
BEN.9.4.2_1,0.9902154290819493,0.3958333432674408,3.5850000381469727,0.8032266574026826,0.5593834273108085
BEN.9.4.3_1,0.3110801188677855,0.23916666209697723,0.4241666793823242,0.3108333349227905,0.024554546936265804
BEN.9.4.4_1,0.36478600885482176,0.2549999952316284,0.940833330154419,0.3419810396111654,0.09605903895467421
BEN.9.4.5_1,0.36788761435447076,0.2616666555404663,0.7391666769981384,0.35052030517382293,0.07347596401203839
BEN.9.4.6_1,0.5914415392564057,0.2666666507720947,2.2958333492279053,0.42770117209349245,0.39163256945033925
BEN.9.4.7_1,0.3771602990776729,0.27666667103767395,0.9616667032241821,0.34168537611864047,0.1150977583477731
BEN.9.5.1_1,0.4268575439049976,0.32083332538604736,0.70333331823349,0.38626708288916295,0.087911360825159
BEN.9.5.2_1,0.47296845148525224,0.3016666769981384,2.1608333587646484,0.38654130966183076,0.2647382367739933
BEN.9.5.3_1,0.3667462390029072,0.2916666567325592,0.6541666984558105,0.3586512003840091,0.04713135724025564
BEN.9.5.4_1,0.43949908085498735,0.3100000023841858,2.1608333587646484,0.40389232589446095,0.16429225737952052
BEN.9.5.5_1,0.4676418706202163,0.273333340883255,2.31333327293396,0.3978127491559552,0.26716455387556165
BEN.9.5.6_1,0.5226748358536633,0.35333332419395447,1.15583336353302,0.46632518568656867,0.17250430069701744
BEN.9.7.1_1,0.37935076704316156,0.2683333456516266,0.9491666555404663,0.3613888935910331,0.07125256958086953
BEN.9.7.2_1,0.4268083715467176,0.29499998688697815,1.209999918937683,0.3921800428280767,0.11247150608539613
BEN.9.7.3_1,0.3999605590569649,0.2916666865348816,0.9366666674613953,0.38163193811972934,0.0828734448618017
BEN.9.7.4_1,0.4647797374454365,0.3016666769981384,1.4600000381469727,0.4410588042779323,0.1348577022258262
BEN.9.7.5_1,0.3850654808041441,0.2824999988079071,0.721666693687439,0.369525366892749,0.06471864364654994
BEN.9.7.6_1,1.5375217484837387,0.3608333468437195,10.00333309173584,0.7206420264375417,1.9223657329540331
BEN.10.1.1_1,3.3465057757019108,1.190000057220459,5.00166654586792,3.647500038146972,1.0382526864794375
BEN.10.1.2_1,2.2892863297453268,0.7100000381469727,4.636666774749756,2.340993958912539,1.0300585186134188
BEN.10.1.3_1,1.7555807726407198,0.6083333492279053,7.813333511352539,1.228333294391632,1.3630555150343875
BEN.10.1.4_1,7.248409836244031,3.629166603088379,14.147500038146973,6.4375,2.717001603393587
BEN.10.1.5_1,5.168225181727155,1.8825000524520874,12.539166450500488,4.300386114818294,2.725836667906312
BEN.10.1.6_1,1.2457160961698492,0.44083333015441895,2.4733333587646484,1.0650000572204588,0.5160545360591453
BEN.10.2.1_1,0.5007864908034168,0.2824999988079071,2.4216666221618652,0.35023108018126387,0.3541823790966268
BEN.10.2.2_1,0.31562719001221373,0.25,0.5391666889190674,0.30344897369345847,0.049547783783551666
BEN.10.2.3_1,0.2980777379806471,0.24500000476837158,0.3558333218097687,0.29833333832877024,0.023653476787648127
BEN.10.2.4_1,0.3907937822745524,0.28583332896232605,1.1766666173934937,0.3573373411120229,0.11427562887792787
BEN.10.2.5_1,0.3726989836801067,0.2824999988079071,1.0333333015441895,0.36488555547824314,0.07017818950819844
BEN.10.2.6_1,0.34687164335292947,0.27916666865348816,0.4241666793823242,0.3400000035762787,0.030180354801565598
BEN.10.2.7_1,0.34385604294039945,0.2541666626930237,1.4883333444595337,0.3242615264802581,0.10310123862454794
BEN.10.2.8_1,0.3379718482521794,0.27666667103767395,0.4000000059604645,0.34000000357627863,0.025815526365232957
BEN.10.3.1_1,0.5642293476009069,0.37833333015441895,1.1358332633972168,0.509857714176178,0.13502687427710242
BEN.10.3.2_1,0.6692027963857027,0.39250001311302185,1.5325000286102295,0.566774526194889,0.21314610672800866
BEN.10.3.3_1,0.7835155658210937,0.44083333015441895,6.678333282470703,0.64307033495372,0.4462715702715563
BEN.10.4.1_1,2.1500790470733837,0.5741666555404663,6.830833435058594,1.7950292771985716,1.3295844944865844
BEN.10.4.2_1,1.0123540291753579,0.5741666555404663,3.053333282470703,0.9017470858005223,0.3648023523726627
BEN.10.4.3_1,0.5547119871679276,0.38749998807907104,1.0049999952316284,0.5254166424274445,0.09873465963537519
BEN.10.4.4_1,1.9302125944770092,0.6858333349227905,7.183333396911621,1.5975401112132543,1.055636999439127
BEN.10.4.5_1,0.4613400296142137,0.3241666555404663,1.0258333683013916,0.4087391034221157,0.12377431509679769
BEN.10.5.1_1,4.155046962283759,0.9300000071525574,12.86833381652832,3.3998554489323753,2.568505656057652
BEN.10.5.2_1,1.8190857758284666,0.815833330154419,4.958333492279053,1.5850000381469727,0.814929384415356
BEN.10.5.3_1,0.8324105666436505,0.5091666579246521,1.9275000095367432,0.7933333516120911,0.24000117119063955
BEN.10.5.4_1,0.88788190738796,0.5216666460037231,1.6416666507720947,0.8541666865348816,0.22497445722802628
BEN.10.5.5_1,0.5729028471278852,0.44583332538604736,0.9166666865348816,0.5578759813428116,0.06547136343966706
BEN.10.5.6_1,4.4394554844377705,1.4516667127609253,14.147500038146973,3.3411632759350156,2.8744820121391013
BEN.10.5.7_1,0.9949040640099122,0.6600000262260437,2.12416672706604,0.9351785736424583,0.1974314060701565
BEN.10.6.1_1,0.3279059156284727,0.2516666650772095,0.6225000023841858,0.30944829065419033,0.06297095713111713
BEN.10.6.2_1,0.2970392765836,0.2291666716337204,0.460833340883255,0.2924999932259377,0.030092434190240113
BEN.10.6.3_1,0.3317839110909868,0.25,0.9608333110809326,0.3105707514065836,0.07879316686939256
BEN.10.6.4_1,0.3030819202806599,0.2175000011920929,0.4633333384990692,0.30000000664548593,0.03136800232228229
BEN.10.6.5_1,0.3015436351920146,0.20666666328907013,0.528333306312561,0.29626943400028255,0.03728089226589291
BEN.10.7.1_1,0.7637658777373875,0.39750000834465027,1.9783333539962769,0.6913057847507738,0.3043970004449325
BEN.10.7.2_1,0.42584354108998446,0.3641666769981384,0.4983333349227905,0.4266666769981384,0.02599385745098119
BEN.10.7.3_1,0.3889610764424051,0.29500001668930054,0.5724999904632568,0.38353950653062097,0.039110583387109314
BEN.10.7.4_1,0.37633399591623934,0.31833332777023315,0.45749998092651367,0.3733333349227905,0.024249363533416918
BEN.10.7.5_1,0.6726647995032168,0.45249998569488525,1.5458333492279053,0.6683333516120911,0.18028165192618167
BEN.10.7.6_1,0.4294283991608225,0.33250001072883606,0.6875,0.4286428829309112,0.038799966281650465
BEN.10.7.7_1,0.5050185311248776,0.3541666567325592,0.8833333253860474,0.47458332777023315,0.11606608039532894
BEN.10.8.1_1,8.164171078207927,0.9483333826065063,15.732500076293945,8.5,4.83318819329965
BEN.10.8.2_1,9.389524918250066,1.5116666555404663,16.207500457763672,12.2616662979126,4.9601876895481425
BEN.10.8.3_1,5.403460807599232,0.6633333563804626,16.850833892822266,1.2899999618530273,6.064832896504353
BEN.10.8.4_1,12.534202923533611,4.494999885559082,16.462499618530273,12.868333816528322,2.362957640406284
BEN.10.8.5_1,8.363661248938085,0.8191666603088379,16.850833892822266,9.805000305175781,4.800102445398152
BEN.10.9.1_1,7.790367005719269,1.2108333110809326,18.260000228881836,8.154259257846409,4.903298989398462
BEN.10.9.2_1,0.8897914579048105,0.6133333444595337,1.6449999809265137,0.8247672594832036,0.21038937576966657
BEN.10.9.3_1,1.6939498632345662,0.6800000071525574,4.565000057220459,1.417870389090644,0.8588831843273936
BEN.10.9.4_1,3.039615538443029,0.6399999856948853,12.171667098999023,2.419900237594704,2.232008600748574
BEN.10.9.5_1,2.1954807394815186,0.6800000071525574,5.473333358764648,1.9868560379201716,1.1503309060165496
BEN.10.9.6_1,1.019359293012338,0.4983333349227905,3.2641665935516357,0.8190565975207202,0.4739402831731557
BEN.11.1.1_1,0.3592377289040433,0.24916666746139526,2.2691667079925537,0.3194205013888879,0.16866461956051146
BEN.11.1.2_1,0.4069486781871482,0.2383333295583725,1.3574999570846558,0.3401171440063817,0.2076490052194822
BEN.11.1.3_1,0.29643199222106964,0.2408333271741867,0.34416666626930237,0.2966666703392541,0.019575776809475517
BEN.11.1.4_1,0.7158735957296756,0.2591666579246521,14.150833129882812,0.4004403158361051,1.2416599512560849
BEN.11.1.5_1,0.3614708603483106,0.2549999952316284,1.159166693687439,0.3298187450482907,0.11303201545637456
BEN.11.1.6_1,0.2971111570834033,0.23416666686534882,0.5083333253860474,0.29389269551347363,0.03171736066750123
BEN.11.2.1_1,0.4936512766534893,0.2966666519641876,1.2008333206176758,0.4593324616383779,0.1510981893178473
BEN.11.2.2_1,0.5132315349581866,0.3641666769981384,0.8291666507720947,0.4872072415180407,0.09369675406428271
BEN.11.2.3_1,0.46739785308280113,0.24916666746139526,1.6050000190734863,0.37007126778183375,0.23166671382645945
BEN.11.2.4_1,0.5158105391406174,0.32750001549720764,0.9591666460037231,0.48750001192092896,0.13305098544715047
BEN.11.2.5_1,0.36801358659310346,0.2775000035762787,0.7416666746139526,0.352725240539539,0.062408376380708896
BEN.11.2.6_1,0.7844121032617166,0.5108333230018616,1.2958333492279053,0.7258333563804626,0.18031970406453318
BEN.11.3.1_1,0.23755243559885122,0.1550000011920929,0.9800000190734863,0.23231302236231016,0.04243313183282426
BEN.11.3.2_1,0.26755694498684707,0.15416666865348816,2.0241665840148926,0.25363818833513024,0.10260140863302145
BEN.11.3.3_1,0.5516321216164668,0.1966666579246521,3.807500123977661,0.3366383363695206,0.5640304537058473
BEN.11.3.4_1,0.2732330117334306,0.16333332657814026,3.1058332920074463,0.2574832816765402,0.0895058354552411
BEN.11.3.5_1,0.28441511602439595,0.17999999225139618,3.1058332920074463,0.2721110134569801,0.1465837265941666
BEN.11.3.6_1,0.28954569085148124,0.22083333134651184,0.4658333361148834,0.2866666615009308,0.028628339981111136
BEN.11.4.1_1,0.3442746469896605,0.24500000476837158,0.6258333325386047,0.33125573048053486,0.05623910354405563
BEN.11.4.2_1,0.3003319616337079,0.2175000011920929,0.5741666555404663,0.297991573786466,0.03829561212627054
BEN.11.4.3_1,0.4417114085622552,0.210833340883255,5.375,0.3265327671205986,0.5072993642988989
BEN.11.4.4_1,0.8951353006909157,0.335833340883255,3.2200000286102295,0.6646471689413259,0.594844840867521
BEN.11.4.5_1,0.2752577461885589,0.19249999523162842,0.4008333384990692,0.2728455902854097,0.03209544935494543
BEN.11.5.1_1,0.3133363153508529,0.21000000834465027,1.0299999713897705,0.3103881895858821,0.04615558901342336
BEN.11.5.2_1,0.3140691066370244,0.20666666328907013,0.753333330154419,0.3068049597795502,0.06086943713132995
BEN.11.5.3_1,0.9279431102231661,0.28333333134651184,3.0433332920074463,0.414166659116745,0.7728352601423435
BEN.11.5.4_1,0.4439661330963703,0.23749999701976776,2.0483334064483643,0.37114565340343597,0.243183578158077
BEN.11.5.5_1,0.4406432949325693,0.3149999976158142,1.368333339691162,0.4020214528241247,0.12688111308753564
BEN.11.5.6_1,0.3558890532689469,0.2541666626930237,1.2641667127609253,0.32381196063771367,0.10943805138142519
BEN.12.1.1_1,0.8316469821827502,0.289166659116745,3.924999952316284,0.6140029464955039,0.634060685953217
BEN.12.1.2_1,0.345307201180176,0.21666666865348816,2.4158332347869873,0.30462653406604695,0.17185343643195222
BEN.12.1.3_1,2.860662547183325,0.6100000143051147,6.818333148956299,2.6591665744781494,1.6064979856376937
BEN.12.1.4_1,1.0765272219156854,0.35749998688697815,4.948333263397217,0.5425742124931375,1.0298889589337188
BEN.12.1.5_1,0.6092217298595523,0.4074999988079071,1.306666612625122,0.5988435868604616,0.14670539681750092
BEN.12.1.6_1,1.6559939404373178,0.289166659116745,4.948333263397217,0.7308341013677309,1.4435237953867137
BEN.12.1.7_1,0.7119646320802527,0.36500000953674316,3.135833263397217,0.6014815894940014,0.42677063083985145
BEN.12.2.1_1,0.38866384704462476,0.2666666805744171,0.6775000095367432,0.35499998927116394,0.10023710055174573
BEN.12.2.2_1,0.5179335559314272,0.33666667342185974,1.2300000190734863,0.4584259059694078,0.16831052492912366
BEN.12.2.3_1,0.5774888931579242,0.2933333218097687,1.1266666650772095,0.5299999713897705,0.22262955799491513
BEN.12.2.4_1,0.34376726066119084,0.2616666555404663,0.5841666460037231,0.32951865402123637,0.06269710457447118
BEN.12.2.5_1,0.4092176886736817,0.27916666865348816,0.8449999690055847,0.3648177871198964,0.12063886923671105
BEN.12.2.6_1,0.30189313847374677,0.22833332419395447,0.4883333444595337,0.2995246132584667,0.036815655912654344
BEN.12.2.7_1,0.30628572861713865,0.2574999928474426,0.47833332419395447,0.2983333359623288,0.03127197454474455
BEN.12.2.8_1,0.3350891152315285,0.2541666626930237,0.7008333206176758,0.31115152154363057,0.06401246722008536
BEN.12.2.9_1,0.35055717927122493,0.24250000715255737,0.9366666674613953,0.31830161825437725,0.10219273826602579
BEN.12.2.10_1,0.30790552449290903,0.25583332777023315,0.3608333468437195,0.30916666984558105,0.023308474681022484
BEN.12.3.1_1,2.59227226923066,0.7633333206176758,6.928333282470703,2.682499885559082,1.219910318498712
BEN.12.3.2_1,1.2944290728571217,0.4166666567325592,4.167500019073486,1.0475000143051147,0.7451642578533615
BEN.12.3.3_1,7.358196472118978,3.31333327293396,10.390833854675293,7.859166622161865,2.01077639080199
BEN.12.3.4_1,5.136655636381577,2.621666669845581,7.551666736602783,5.077499866485596,1.5600120161550135
BEN.12.3.5_1,3.2521927942149405,0.5024999976158142,10.390833854675293,2.2183332443237305,2.4620139217197115
BEN.12.3.6_1,0.43086853353405624,0.2541666626930237,0.9325000047683716,0.3691029835799835,0.15642504559653025
BEN.12.3.7_1,1.1894791902246868,0.46833333373069763,4.107500076293945,0.7415772087778331,0.9123019975653697
BEN.12.3.8_1,2.0682152813445085,0.5366666316986084,8.007499694824219,1.7583333253860474,1.5041065129338476
BEN.12.3.9_1,1.4576640417030546,0.48500001430511475,4.610833168029785,1.1699999570846558,0.9135219106140227
BEN.12.3.10_1,0.5490809156449502,0.28333333134651184,2.5816667079925537,0.46023334824392537,0.2739376747064204
BEN.12.4.1_1,1.8161466882017754,1.3141666650772095,2.490833282470703,1.7416666746139526,0.3554133421371145
BEN.12.4.2_1,0.33486537169415354,0.2566666603088379,1.40666663646698,0.29366717033733347,0.15540382382672374
BEN.12.4.3_1,0.26608730184123813,0.14000000059604645,2.0316667556762695,0.2534992531069997,0.10511759923025994
BEN.12.4.4_1,1.3115663279984482,0.4008333384990692,2.4200000762939453,1.205000042915344,0.5885169334035271
BEN.12.4.5_1,0.27843587600512243,0.19166666269302368,0.3958333432674408,0.2775000035762787,0.030184562745405277
BEN.12.4.6_1,0.7126334763597317,0.27416667342185974,1.53166663646698,0.4791666567325592,0.42765769228309214
BEN.12.4.7_1,0.8724255105065356,0.27916666865348816,2.4200000762939453,0.559166669845581,0.6457053684728381
BEN.12.4.8_1,0.5533061133481487,0.2150000035762787,2.490833282470703,0.34740338968626266,0.45943810687150827
BEN.12.5.1_1,0.3339076457730594,0.2524999976158142,0.42416664958000183,0.33166667819023127,0.033211967463897936
BEN.12.5.2_1,0.28164250457072815,0.20416666567325592,0.76583331823349,0.2792073855510222,0.04291821150934414
BEN.12.5.3_1,0.35099141739662654,0.22750000655651093,1.465833306312561,0.31519538910418243,0.14370378376007378
BEN.12.5.4_1,0.2778919268424372,0.1808333396911621,1.0391666889190674,0.2718109975972604,0.05146945667113144
BEN.12.5.5_1,0.35364848497417145,0.25833332538604736,0.8725000023841858,0.32703215824930293,0.09105495321140435
BEN.12.5.6_1,0.28488770768749466,0.21916666626930237,0.3633333444595337,0.2849999964237213,0.033734752746700215
BEN.12.5.7_1,0.26913622771726586,0.17749999463558197,0.7933332920074463,0.26739439665054127,0.040905084226746165
BEN.12.5.8_1,0.5227716343798826,0.2958333194255829,0.8833333253860474,0.5019955883099751,0.15702703768690687
BEN.12.5.9_1,0.3646882542391011,0.27416667342185974,0.8725000023841858,0.3538991919789642,0.07639803717323947
BEN.12.5.10_1,0.27181694507789333,0.2150000035762787,0.3266666531562805,0.2758333384990692,0.020284234183282512
BEN.12.5.11_1,0.27199887117662847,0.1508333384990692,1.7708333730697632,0.2619340219980799,0.07871671912715303
BEN.12.5.12_1,0.3295076111699187,0.2641666829586029,0.4124999940395355,0.32750001549720764,0.02795286985736075
BEN.12.6.1_1,0.30845997686207044,0.22083333134651184,0.5133333206176758,0.3015161353695896,0.039337964340776986
BEN.12.6.2_1,0.30597893391273134,0.19249999523162842,1.1491667032241821,0.28331872051373785,0.10430312748607361
BEN.12.6.3_1,0.28213692381988237,0.20749999582767487,0.35916668176651,0.28376506416731856,0.02855539579185827
BEN.12.6.4_1,0.29096360863200776,0.20250000059604645,0.49666666984558105,0.286031704426613,0.0407470330366585
BEN.12.7.1_1,0.2947033233597283,0.21166665852069855,0.41333332657814026,0.289524878986281,0.035461392317616795
BEN.12.7.2_1,0.44254621847447356,0.24500000476837158,1.3983333110809326,0.3399670107357976,0.2188560085736107
BEN.12.7.3_1,0.2847643856406588,0.18666666746139526,0.5083333253860474,0.2745330676785423,0.04918327561674283
BEN.12.7.4_1,0.7899233156151433,0.4191666543483734,1.5750000476837158,0.7966666817665099,0.23869203738976882
BEN.12.7.5_1,0.4467539531143168,0.25083333253860474,1.7658333778381348,0.3880743223385725,0.17309168432472247
BEN.12.7.6_1,0.3186120480622661,0.21583333611488342,1.1116666793823242,0.30235318122993426,0.0890963945892459
BEN.12.7.7_1,0.31931853426821294,0.20250000059604645,0.6166666746139526,0.30147346469643144,0.07122895693799118
BEN.12.7.8_1,0.9817497781770571,0.3375000059604645,1.5750000476837158,0.9900000095367432,0.29538495270762766
BEN.12.8.1_1,0.3768241792052513,0.23749999701976776,0.9141666889190674,0.341427995741946,0.14015788229883847
BEN.12.8.2_1,0.26138673188154343,0.16249999403953552,0.6141666769981384,0.2570616851835157,0.040146810952372707
BEN.12.8.3_1,0.32775065147265003,0.20250000059604645,0.9208332896232605,0.2993006931802669,0.10502774190563034
BEN.12.8.4_1,0.27675975570842787,0.18666666746139526,0.39500001072883606,0.27666667103767395,0.030134129554408057
BEN.12.8.5_1,0.2806351839165172,0.19249999523162842,0.6816666722297668,0.27840771041698403,0.03984867689038548
BEN.12.8.6_1,0.4986113652215534,0.2566666603088379,1.6291667222976685,0.40361111362775165,0.24320180550960066
BEN.12.9.1_1,0.285455687407312,0.21416667103767395,0.4866666793823242,0.28404425444909687,0.02803615803349606
BEN.12.9.2_1,0.3000165845921419,0.20083333551883698,0.49416667222976685,0.29220606175397423,0.04351043529440551
BEN.12.9.3_1,0.6899869990716045,0.273333340883255,3.750833511352539,0.4918208372504047,0.553244214069214
BEN.12.9.4_1,0.4431708324633951,0.25999999046325684,1.6325000524520874,0.3403843642269703,0.25737156425283053
BEN.12.9.5_1,0.27902318215211913,0.2133333384990692,0.3799999952316284,0.27916666865348816,0.028683843407535336
BEN.12.9.6_1,0.26394823055655653,0.20333333313465118,0.4166666567325592,0.2633333206176758,0.030928387521076826
BEN.12.9.7_1,0.2659385913148512,0.18666666746139526,0.3541666567325592,0.26249998807907104,0.027919540606614387
BEN.12.9.8_1,0.2860052647372003,0.17999999225139618,0.8141666650772095,0.27923321041813204,0.044031030742689214
BEN.12.9.9_1,0.29555389389142134,0.2199999988079071,0.8125,0.28261603292079635,0.06233778754599558
BEN.12.9.10_1,0.5250211354528648,0.24500000476837158,1.8991667032241821,0.4187688587750465,0.30116245181387774
BEN.12.9.11_1,0.33103416891447535,0.21250000596046448,0.4558333456516266,0.3293929677691667,0.04157530426910452
