ADM3_PCODE,Walking_Only_Travel_Time_to_Healthcare_min,Walking_Only_Travel_Time_to_Healthcare_max,Walking_Only_Travel_Time_to_Healthcare_mean,Walking_Only_Travel_Time_to_Healthcare_median,Walking_Only_Travel_Time_to_Healthcare_stdDev,Motorized_Travel_Time_to_Healthcare_min,Motorized_Travel_Time_to_Healthcare_max,Motorized_Travel_Time_to_Healthcare_mean,Motorized_Travel_Time_to_Healthcare_median,Motorized_Travel_Time_to_Healthcare_stdDev,Travel_Time_to_Cities_min,Travel_Time_to_Cities_max,Travel_Time_to_Cities_mean,Travel_Time_to_Cities_median,Travel_Time_to_Cities_stdDev
NE001001001,0.0,3749.0,1267.0007146316657,935.6215189635398,963.1061126878294,0.0,2558.52685546875,648.2335013254718,423.88178485909356,596.4970955848918,11,3627,1125.326988991429,839.2819406486988,867.6234904168703
NE001002001,0.0,376.0,163.46937511850572,162.5,84.97645289651167,0.0,219.92276000976562,46.627163593612075,37.54589508499665,40.42574960418557,156,407,236.86227543136133,230.0,50.5573489805965
NE001002002,0.0,1309.0,437.95317590159976,363.6451277561964,280.29800594399245,0.0,909.9217529296875,230.6811413948181,182.0231801975527,180.70676897679087,100,1524,609.4848667623933,603.3922459077506,313.57782591646867
NE001002003,0.0,1879.0,837.1268349197787,827.3090419750531,451.1675309787541,0.0,1153.3134765625,456.10806013677256,444.0452504833422,275.593204740798,187,2579,1148.643579142424,1063.3870018721582,602.7456652979552
NE001003001,0.0,5345.0,2458.600910265098,2255.65400580656,1546.9046275440394,0.0,4123.91015625,1975.8715060482361,2127.7376635183523,1216.4705230048571,940,5097,3165.289671732924,3279.2033153669086,1188.3697688887482
NE001003002,0.0,4111.0,1834.9341959985543,1839.5320981990055,931.5941616309742,0.0,2745.824951171875,928.438664139616,824.0404358278608,592.8533249003757,854,3903,1969.1820945300578,1879.557442777148,632.8745537801191
NE001003003,0.0,5564.0,2585.3467758589654,2543.5276022561848,1274.2953238452344,0.0,2456.4921875,915.3914481813127,856.1026250927033,524.7859094948249,382,3597,1683.9750734666407,1607.5345711187092,646.8065144560145
NE001003004,0.0,3882.0,1675.5499194350232,1527.6816583499235,871.9320282616314,0.0,2780.282958984375,919.0557719902563,711.8951295907636,655.6016281816584,1178,3975,2384.7365427868453,2327.5841007246904,641.723187997489
NE001004001,0.0,4805.0,2536.8123006478304,2767.65670557262,1273.3843438901722,0.0,3781.263427734375,1218.9391534320898,984.0130807982326,854.3154252075966,396,4212,2348.0275270317707,2343.44271607314,768.479484457881
NE001004002,0.0,2941.0,1376.7728670394372,1527.6912630023146,762.8347780866081,0.0,1085.6075439453125,362.7850801738121,340.0975451537363,216.11525908392355,355,2709,1371.8924645705677,1399.8242875583358,557.547082732469
NE001005001,0.0,3362.0,875.4905476896994,599.5734076009126,736.2442975284797,0.0,1829.2579345703125,292.3352060488986,179.88891629059157,310.6723175093741,42,3940,948.0519523627045,663.5606008678053,821.6398054060071
NE001006001,0.0,209.0,78.48353448746656,70.99999999999999,52.223171122335174,0.0,100.95893096923828,17.247978882152424,13.862005551656088,18.361716538014537,0,125,26.203693590373735,19.0,24.09348839218093
NE001006002,0.0,474.0,179.37847058024863,172.34615384615384,93.97392378820332,0.0,373.371337890625,75.1527813310905,56.91840185519463,63.52621773774743,46,730,321.62126018406946,313.6360203723217,142.1600783316103
NE001006003,0.0,2526.0,889.3761419767717,711.0,696.5952043987301,0.0,958.936767578125,246.02816924944815,213.9960748758731,184.32238453066537,163,2376,1024.9237787221825,1031.5688203293837,504.0907193804804
NE001006004,0.0,778.0,253.0390874440243,217.33344614603604,162.03923864429746,0.0,553.7047729492188,108.17679556950904,81.87800397189339,91.4022468413266,8,829,213.05024076881443,185.34832102201761,136.372813711201
NE002001001,0.0,524.0,155.32422140902472,93.74100227790433,135.212252759879,0.0,150.8203887939453,25.02478258347754,17.533441535002062,22.952835681053337,49,585,204.17223798363565,185.65387596899225,99.42225807897123
NE002001002,0.0,126.0,58.922610999945945,57.00000000000001,28.26854885362779,0.0,45.1016845703125,12.435718967828066,9.756590843200684,10.208224344990013,107,202,156.61608350008112,167.0,26.70939758546975
NE002002001,0.0,221.0,81.53933211163005,68.0,50.18834476612585,0.0,96.57097625732422,16.557682488394565,12.234658365664275,14.759921646673304,5,236,98.57167539275073,92.0,58.765384304061016
NE002002002,0.0,150.0,44.45129852273102,32.99999999999999,34.473022399499605,0.0,45.074256896972656,8.343576344183486,4.168674707481727,8.808421270654694,0,82,28.74613633113704,26.000000000000004,22.103340157036328
NE002002003,0.0,250.0,94.90484045577152,84.0,58.543659759095576,0.0,86.76222229003906,20.052938591261828,16.246084897351484,15.976915155681434,3,234,92.42848330168248,88.0,49.1233639602719
NE002003001,0.0,568.0,128.85461149867723,109.46857072358274,91.4392262796442,0.0,192.23660278320312,39.67421101348107,28.455741755605786,34.51314858305797,85,718,283.1364267500602,281.458349355053,103.58813357850576
NE002004001,0.0,250.0,133.32156209043742,131.0,54.89693403359589,0.0,127.88796997070312,56.89535734349616,57.38866445329115,27.70080890494486,150,454,309.264638558219,322.52202436738514,67.77871938679424
NE002004002,0.0,225.0,83.76261197443125,77.99999999999999,45.919122073415366,0.0,201.0603485107422,41.466881065300186,22.408327396099384,42.85557576390011,32,574,194.14165504623998,165.43490725126472,128.10558054360888
NE002004003,0.0,462.0,171.99313429673768,150.52679147837316,99.94721238291876,0.0,225.0865020751953,71.82732962504467,64.62031836227919,41.83996345684565,174,876,459.0250614003768,465.52470781217966,164.39258543785851
NE002005001,0.0,5275.0,1576.7914110120153,1327.5589172962543,1172.9753616586277,0.0,3811.983642578125,1244.8631556609764,1159.9031399529777,909.8630917366544,133,4799,2318.399081645097,2319.4228099961274,1236.7200965499592
NE002006001,0.0,645.0,236.88391940798326,217.62745098039215,135.47736517965018,0.0,331.1865234375,85.79073238516501,77.09910200267788,60.02487100897548,55,783,296.3484976417705,297.36624775583476,128.82507265263874
NE002006002,0.0,560.0,216.70071142496414,189.34743379423483,137.6616454240618,0.0,206.74053955078125,43.738051766212564,35.443739908558264,34.946148432277134,71,607,219.075872293047,217.31998880179168,89.26572295689384
NE003001001,0.0,124.0,51.02439849651712,47.0,26.555961265517666,0.0,101.93302917480469,28.594266669625572,21.815643310546875,23.579153393961107,15,222,69.33910011695386,59.0,42.6034719354013
NE003001002,0.0,195.0,64.32842498878738,57.99999999999999,36.75409895759751,0.0,195.5186309814453,54.48049209484928,46.63919921413576,40.69929004233499,41,409,211.68079369282253,220.41803278688525,101.30117819963246
NE003001003,0.0,147.0,62.99065838675212,61.0,30.79157082846685,0.0,120.52538299560547,44.8097696864866,42.89348602294922,28.393449733502614,37,308,139.3842280982906,132.86814891416753,64.60641631839239
NE003001004,0.0,72.0,28.359686068251385,27.0,14.99373266010818,0.0,47.100067138671875,13.39121546408635,11.32412948655262,10.62764912356,56,141,82.26941014525507,76.0,19.235490068565984
NE003001005,0.0,101.0,37.45735944409349,35.0,19.074638434990014,0.0,101.0374755859375,31.04232214282351,29.147574270925215,18.765958370644142,63,227,153.88567768653039,155.0,33.513628870971786
NE003001006,0.0,101.0,33.39994873547504,31.0,19.41988038220343,0.0,87.96019744873047,19.533121002200158,14.823869110055483,17.221372063708415,53,146,93.78870471633627,93.0,20.13135139381504
NE003001007,0.0,97.0,37.21857215880053,36.0,19.41551155114216,0.0,76.63674926757812,21.69939473147976,16.761276689994748,17.14877383567659,32,210,97.21424433463963,91.0,40.82855445279534
NE003001008,0.0,81.0,39.13652015393963,39.0,19.30051328763277,0.0,59.7093505859375,17.107546240284968,13.632386500441184,12.43872620724149,29,133,69.0280145214316,66.0,20.70150584366823
NE003002001,0.0,134.0,56.22286381043565,53.0,28.73819639345252,0.0,109.04672241210938,33.300577393597884,29.167362213134766,23.072576338251004,62,271,155.06184179033033,153.0,41.60797331450551
NE003002002,0.0,132.0,54.15417297754809,49.99999999999999,29.294693478754148,0.0,106.75880432128906,23.58129554631151,15.818788200439087,21.643253064050636,37,230,120.72522607804713,114.99999999999999,34.878331482674255
NE003002003,0.0,107.0,43.921022487490184,42.0,23.807336383677477,0.0,55.42871856689453,14.79028041843063,11.081739561124282,13.864249852483997,99,193,145.25082896244035,145.0,22.181336022274944
NE003003001,0.0,187.0,68.66025972676012,64.0,36.65478621948795,0.0,187.45582580566406,46.361685750617625,33.44707207009812,39.04525659283104,10,282,123.20025939601838,116.48812311809971,65.28797312952591
NE003003002,0.0,189.0,77.89646230369416,73.0,43.744630737747414,0.0,148.2637176513672,44.830891598320974,39.287502670288085,34.802950430305124,0,210,66.75743027999783,62.0,46.07143176076684
NE003003003,0.0,242.0,94.32373025787595,89.0,47.665888556235174,0.0,235.10614013671875,75.43315380841342,67.52006074176332,51.50604067993516,45,505,220.91222019008134,194.47176451767717,108.02051016811433
NE003003004,0.0,182.0,65.82746047912903,60.0,39.42663604947187,0.0,149.80023193359375,38.359521779896326,24.616891084046202,35.42596149018009,8,207,89.71850526802292,92.0,47.65563319272969
NE003003005,0.0,238.0,90.62847230882046,80.0,54.629907647705416,0.0,231.8105010986328,59.78677521620062,43.57727285531851,52.297927525903496,0,419,124.90321430174727,94.31686978832585,94.6442248110028
NE003003006,0.0,242.0,99.13130756095516,93.00000000000001,52.60353935529423,0.0,235.10614013671875,90.5038098778383,83.65971070817373,56.098780663721804,65,501,269.86433390252796,260.5396753832281,107.66714648408441
NE003004001,0.0,105.0,42.93371486432797,41.99999999999999,20.791999410979525,0.0,97.09381103515625,19.306764840515534,14.822822183912796,18.006959469653747,0,148,30.096694394955087,20.999999999999996,30.001535433958402
NE003004002,0.0,251.0,76.61640468841362,70.0,45.5121303281323,0.0,185.83583068847656,41.82361869617004,29.53383405780051,37.91693334167206,8,316,97.2005935303156,84.49862367282736,59.89098140139044
NE003004003,0.0,127.0,60.94420372352775,60.0,26.97172815001532,0.0,101.87592315673828,41.572770911876844,41.160772959391274,25.399248684656122,10,187,89.08824545603866,86.99999999999999,40.89584525223628
NE003004004,0.0,251.0,91.11345459901312,85.99999999999999,49.668920366112,0.0,211.50453186035156,65.6128371215465,55.48330705557295,48.97088199084453,9,334,139.04866632299866,124.46153846153847,78.5770970740698
NE003004005,0.0,143.0,51.785576258012995,51.00000000000001,25.96917424903721,0.0,91.06122589111328,23.647180330920694,17.189193190902007,18.50872066405594,9,181,84.30416212092035,83.00000000000001,38.580352506201834
NE003004006,0.0,168.0,70.355494796168,70.0,32.032787901114105,0.0,92.40522766113281,21.61699692144747,15.731916594998886,19.13713767101175,17,223,88.36820712665718,80.0,45.157097163677946
NE003004007,0.0,170.0,65.23582234772555,60.0,34.42956744202331,0.0,143.46304321289062,40.08969360825705,30.42675279413141,33.73357458644755,8,275,122.77516935637254,114.29999999999998,63.736541656182894
NE003004008,0.0,220.0,75.12800008544974,68.0,43.98090483220718,0.0,183.06442260742188,49.11197044877051,38.4998464513708,41.38849462285194,37,350,164.12859111251944,152.6967213114754,75.80327480739587
NE003004009,0.0,143.0,65.92001528498452,66.0,29.02137957866573,0.0,114.09391021728516,40.66000695822395,35.09480285644531,26.403162912657905,19,273,133.81887963745098,124.0,56.135614504897205
NE003004010,0.0,138.0,57.88279957088323,54.0,29.455795602844493,0.0,111.23578643798828,31.0566936015123,22.321788787841797,25.492441788218432,61,257,158.64962119637076,162.0,45.505190065102845
NE003004011,0.0,174.0,68.18158051406823,65.0,35.7728546039939,0.0,153.61474609375,36.4245376020423,27.34954365407388,33.6953110485657,41,216,114.23098128542945,111.00000000000001,38.13295835001393
NE003005001,0.0,309.0,110.310028833062,94.39511041009465,68.19158129057222,0.0,235.0023193359375,70.23712826167518,59.68771336488392,52.74928726793771,69,426,215.39356462076512,198.43181818181816,96.01013746789852
NE003005002,0.0,154.0,62.17360387301651,60.00000000000001,31.272874900823073,0.0,154.29393005371094,49.398459231649504,44.42969776131698,32.381032722051415,78,290,169.764238887969,169.0,51.94825679748571
NE003006001,0.0,117.0,45.038280189721974,43.0,23.2365391338655,0.0,112.5789566040039,28.741269017991147,22.262174606323242,24.556544922905903,9,158,63.87448407090792,57.0,36.18109130230375
NE003006002,0.0,120.0,56.474029259707386,56.00000000000001,29.935896562689777,0.0,112.5789566040039,30.866824870216547,20.194504419962566,28.007190715900403,2,126,42.074381256187394,33.0,31.519448966791746
NE003006003,0.0,105.0,48.60029911624746,46.0,25.784426817984485,0.0,62.191314697265625,16.83799013328666,13.872067133585611,13.906288831815312,0,121,32.497552685248145,27.0,24.95111127818727
NE003006004,0.0,120.0,46.42479610490047,43.0,24.118079257449086,0.0,115.34175872802734,29.53310105125376,22.640993200887845,23.74583945949229,13,147,65.50003515432748,61.00000000000001,29.51452188849439
NE003006005,0.0,110.0,41.02605406919738,37.99999999999999,23.667802144046174,0.0,62.964080810546875,19.641813072037685,14.373671213785807,16.48958430680593,6,130,66.11053719008267,69.0,29.091597620998826
NE003006006,0.0,156.0,59.91553105355442,58.0,28.634126550358072,0.0,95.79785919189453,27.008354440753767,21.25077938850952,20.216621190582384,17,190,88.25927615355013,85.0,39.143278425431625
NE003007001,0.0,142.0,55.37538014585663,54.0,28.064068837295967,0.0,105.65225219726562,25.75973865904143,18.783088335721,21.161620896082407,29,439,188.5157878678336,186.5272952853598,94.84147343961996
NE003007002,0.0,184.0,59.07745177586813,54.99999999999999,32.86619192934588,0.0,180.2949981689453,36.27920108891428,31.479175899339758,28.855663706186178,24,518,229.48640485172956,208.4,143.3962087071205
NE003007003,0.0,112.0,41.20095235411795,40.0,21.663342392467975,0.0,96.7091293334961,26.057681706999585,19.845272064208984,22.405939279217815,36,210,95.76614728616646,92.0,37.87175936234163
NE003008001,0.0,98.0,42.93699350107791,41.0,21.862826498824383,0.0,84.1976318359375,19.322378056314104,14.672183418273926,17.536114955682827,63,162,97.42716643849626,93.0,21.53857412733248
NE003008002,0.0,152.0,56.05576041904802,54.0,28.26162963156251,0.0,103.35936737060547,30.67504275714272,26.679875373840332,20.771967374769403,38,247,123.1818061339775,119.0,45.116050095203555
NE003008003,0.0,175.0,69.74152436362213,66.0,35.7577962596081,0.0,119.07837677001953,33.34404613865293,29.717963612964216,24.784187510139187,19,195,76.76556176385463,71.00000000000001,36.73336112483649
NE003008004,0.0,93.0,40.9535198810711,41.00000000000001,19.84478281356637,0.0,91.31946563720703,22.263947748869747,16.836664613230525,19.435310954944644,42,221,103.0837833938641,94.0,41.04349474532867
NE004001001,0.0,148.0,57.89224316219432,55.0,28.47114476797428,0.0,135.9998321533203,41.39473766676469,41.75909666478357,26.434927056237395,0,241,97.329924124916,97.0,55.86255716295548
NE004001002,0.0,148.0,51.57744066713657,46.0,29.933486802689796,0.0,115.71682739257812,27.07693882707466,18.793383213068473,23.02946962342621,0,171,61.958336901319406,58.99999999999999,39.64050404608455
NE004002001,0.0,158.0,64.53424838326511,62.0,32.42513335257701,0.0,131.5726776123047,50.26044983437774,49.426822662353516,24.070306383805544,35,411,190.97688399102532,174.375,91.71733463341181
NE004002002,0.0,402.0,139.28017198781646,130.4273488710852,71.74715273058001,0.0,284.3075256347656,85.80381578438843,78.97000812637681,49.17645463866558,96,640,314.31354367177784,305.36465781409606,113.49402463060312
NE004003001,0.0,187.0,71.27859841869622,67.0,35.727108043199976,0.0,143.44752502441406,55.65388653385213,52.583027429348085,32.919415208409994,18,431,199.48566348077367,216.51535974130962,106.3554137268263
NE004003002,0.0,157.0,73.44340934371525,72.00000000000001,29.48798696448772,0.0,115.68075561523438,44.403484139125965,33.33301209483326,28.06736072258449,14,180,61.49490174267704,44.0,41.96485089799724
NE004003003,0.0,222.0,83.31445161318457,79.99999999999999,43.72960823880365,0.0,160.95896911621094,51.85401778636342,45.59334850311279,35.57201843053549,34,321,141.5121242316741,134.41888816644993,55.95748459451426
NE004003004,0.0,181.0,74.95713705828788,72.0,38.05486171305842,0.0,124.00936126708984,43.07653936635613,40.11857841038468,25.75094455332582,3,215,86.10166098013187,80.0,43.25586058559002
NE004003005,0.0,141.0,55.13873591557408,51.999999999999986,30.09247853766669,0.0,104.144287109375,31.50557369849394,28.76646137237549,21.85641457518143,0,132,44.22703288094196,38.0,31.67271809897824
NE004003006,0.0,166.0,69.94014907449308,69.99999999999999,31.28013141937296,0.0,136.39599609375,46.12823474211276,41.654809761150965,29.57341649613822,0,431,195.897348841798,198.58333333333331,90.86736308353701
NE004003007,0.0,146.0,58.22874923899073,59.00000000000001,27.968197624600467,0.0,122.5938720703125,40.08369872869049,41.69707622644615,25.062055790876048,12,229,80.10424135831703,69.0,51.39065409693751
NE004003008,0.0,208.0,80.82150954730764,77.0,38.909635594944284,0.0,191.26443481445312,51.022821200204035,42.39933227959322,35.31682066513899,8,295,132.45170220982607,132.4447327451998,61.443532679807156
NE004003009,0.0,141.0,53.616619409717735,51.0,26.547162554448523,0.0,121.91364288330078,42.770608884344256,41.71874692572922,26.357437835693062,0,229,108.1409331099368,110.0,41.820101881518816
NE004003010,0.0,180.0,92.28328875018573,91.0,34.679207236228976,0.0,121.96704864501953,50.2044744827751,43.310205821749534,27.04960429838612,18,219,101.12284886312975,97.0,43.30350276988906
NE004003011,0.0,120.0,47.53264200944808,44.99999999999999,25.435353065566876,0.0,99.39725494384766,29.17464133694172,24.804770079003756,22.880840357047294,0,296,99.5306371701809,82.73864783047426,77.42447119027811
NE004003012,0.0,271.0,92.14634682481038,80.56021671826626,53.718030788083304,0.0,172.19686889648438,51.81783984324724,47.45705660221352,32.199757535528434,60,418,199.29980497067572,186.5623033784708,74.46284893436179
NE004004001,0.0,97.0,43.218836411901336,42.00000000000001,22.454825401985723,0.0,89.11314392089844,23.822552539854026,17.758485358101982,20.41664038056893,14,140,64.3628332042915,57.0,29.740207048679515
NE004004002,0.0,98.0,42.274477935382194,42.0,19.85179105703534,0.0,89.11314392089844,23.90437894441769,17.708975729006184,18.304572384079695,0,167,50.40712284388405,44.0,33.710109434245524
NE004005001,0.0,121.0,48.10548551881928,46.99999999999999,23.68263432204823,0.0,88.8081283569336,22.98916951988659,17.716244904160195,17.17000529002373,0,304,102.6944425566618,86.61721611721612,69.65276173382813
NE004005002,0.0,137.0,57.00438739092254,55.0,28.076600028388125,0.0,127.46045684814453,28.916847893343142,17.633267463805655,26.029482671409202,0,263,100.31760375207885,90.25628873496171,58.8736338425453
NE004005003,0.0,147.0,50.426624459986485,45.99999999999999,28.024950874750928,0.0,150.91209411621094,40.801190522660065,34.51105669313861,31.18280655801062,5,282,106.5162473620825,94.40023520188161,63.21098287467343
NE004005004,0.0,99.0,38.94987892329465,37.0,20.026679610367907,0.0,91.06922912597656,23.80379120817045,17.2817331407763,20.36555299938725,0,207,75.81070505246655,64.0,55.23278694554632
NE004005005,0.0,140.0,57.50988289132623,53.00000000000001,31.46864945886937,0.0,121.25750732421875,33.851183491135465,24.74724948384479,29.86239905302677,0,282,126.8696015603233,130.5684034550014,69.09644414618529
NE004006001,0.0,148.0,58.75208322757045,55.99999999999999,30.410589150163403,0.0,105.14070129394531,16.334377988198916,9.743505768153979,17.70868204476705,0,174,69.93977677373502,59.0,44.84523409970806
NE004006002,0.0,122.0,37.0046326602548,37.0,19.354817905073194,0.0,39.67411804199219,5.245304745165544,4.156515434959117,5.523717200188824,1,76,23.814456201937944,20.0,15.694333033448604
NE004006003,0.0,192.0,67.25106497576265,60.0,41.300141710271674,0.0,119.72720336914062,14.112957690720334,10.71153681690406,14.106896389388428,12,198,76.83614552220536,70.0,36.40343762658773
NE004006004,0.0,99.0,36.15250674726069,32.99999999999999,19.49150325621377,0.0,40.885005950927734,5.8123575475277205,4.395881938934326,5.802311199258599,0,83,17.771040881559152,16.0,12.063954642781054
NE004006005,0.0,169.0,58.36021194017722,52.0,35.66333398713282,0.0,70.0920181274414,7.891213533801994,5.801141786145735,8.443285735856708,1,197,66.23033508087455,67.99999999999999,38.77808103278758
NE004006006,0.0,84.0,36.658350713941914,37.0,18.637235188361934,0.0,15.874330520629883,4.06073290053979,3.760774925408677,2.5136411348128993,0,85,37.997015883202295,39.0,20.921318647137713
NE004007001,0.0,26.0,8.07385303991048,10.0,7.435283902583555,0.0,3.0957412719726562,0.8821408188374175,1.0826157331466675,0.8295541574726505,0,5,0.226781051846326,0.0,1.2580804584402767
NE004007002,0.0,30.0,14.24685314685315,10.0,10.406120054735712,0.0,3.6763744354248047,1.6043986585590388,1.443537712097168,1.1979425110662039,0,15,2.4069930069930074,0.0,4.093888663072467
NE004007003,0.0,30.0,11.40385442040407,11.0,7.844568121625597,0.0,3.6763744354248047,1.3873757708805443,1.382930040359497,0.9390848349920703,0,20,4.759922625017909,3.0,5.417492154332975
NE004008001,0.0,157.0,67.51097577334794,67.00000000000001,30.503861840010458,0.0,143.93882751464844,57.40383008943614,53.47554868726588,32.32421818371789,35,400,193.3925683470608,180.6,100.03164501643272
NE004008002,0.0,218.0,84.38029739431549,77.0,45.5833462108837,0.0,126.25987243652344,47.8109061808545,42.644702374680335,30.621211503942657,105,376,241.9482548757865,236.43681506849316,44.891147889961
NE004008003,0.0,157.0,63.96500251615891,60.00000000000001,32.51960385106832,0.0,145.11874389648438,51.550343300738845,47.584255599975585,33.34211547281446,66,419,209.7570828241106,206.27552674230145,82.85214581750488
NE004008004,0.0,205.0,62.37616819126522,58.0,35.97993111098491,0.0,118.83512115478516,42.642281544626655,41.82809676404886,26.011837855012235,70,310,165.46366412645452,154.0,51.79826038631506
NE004008005,0.0,130.0,50.157078233390706,48.0,26.118192592812832,0.0,118.84606170654297,34.34645325070205,31.756633364406458,25.593841594386944,0,201,72.44577557005724,67.0,43.570079507066914
NE004008006,0.0,126.0,54.94332031656276,52.0,26.79198423431965,0.0,110.08714294433594,36.502086593622494,34.372020958901,25.305758809448314,0,297,92.98407257873882,80.4,69.09124670936164
NE004008007,0.0,137.0,56.2641822955323,54.99999999999999,26.901203229753815,0.0,137.98599243164062,35.65502024098613,30.47906189719343,27.090642053978335,9,241,99.06596249072223,88.0,56.704781803551434
NE004008008,0.0,184.0,65.2730266050474,61.0,34.23948899474825,0.0,126.25987243652344,51.02176181130925,49.28922385922164,27.384390141821406,91,430,250.88750256475393,240.51567239635997,80.61198614029946
NE004009001,0.0,93.0,35.69414329145873,35.00000000000001,19.342239458039757,0.0,60.13777160644531,16.671106283289838,13.077388763427734,14.943675230511785,14,89,36.32845752308839,31.0,19.520070691491227
NE004009002,0.0,106.0,39.12582916327245,37.0,22.56254009558051,0.0,103.92518615722656,27.52935357919002,18.151789237079363,24.52285210529,23,197,94.66311241708367,83.0,39.34641522068125
NE004009003,0.0,72.0,31.90911134422299,30.0,17.36266659698402,0.0,43.5630989074707,11.406609252655715,10.380370236261719,12.266686577327347,13,79,40.78817623257903,38.0,16.38481587806298
NE004009004,0.0,110.0,48.457883098527304,48.0,22.630033202937753,0.0,107.02955627441406,38.063018531395315,36.21546845028225,23.90575364005911,27,267,117.58239866867262,114.0,56.08569840755046
NE004009005,0.0,146.0,66.99339966750209,65.99999999999999,31.90974953577357,0.0,143.0592041015625,48.99399779078024,42.39206242050268,34.1361841461909,4,377,148.9871070196769,132.22911051212935,98.31902550573253
NE004009006,0.0,162.0,65.75253486921297,66.00000000000001,31.478605754247997,0.0,162.06654357910156,48.63909840456097,42.454523317182115,32.13817770968786,95,491,266.8472872623739,268.4736842105263,77.91564736588678
NE004009007,0.0,166.0,61.14695372307568,57.0,32.12002367406831,0.0,124.91783905029297,31.930282390179453,24.7338399163826,23.86169629918489,0,249,59.020106007911394,49.99999999999999,46.36382151197316
NE005001001,0.0,419.0,163.2754982939811,154.50929841839988,84.62754116571462,0.0,199.7625732421875,59.52107804931209,51.52719628423935,39.41104205524824,0,549,192.99020990855752,181.4313615023474,114.78315841226818
NE005001002,0.0,241.0,126.89458509816824,129.0,52.2576314566382,0.0,155.56143188476562,51.39937803641755,46.500171913204184,33.73034948348623,13,270,116.12066444605891,108.47442383361438,59.47983104386336
NE005001003,0.0,223.0,109.02547727883838,108.00000000000001,50.16890090319267,0.0,218.3206329345703,75.67133761873859,70.5044575188963,43.76934507564419,0,509,203.40524166442626,186.55590158829025,112.29872649538395
NE005001004,0.0,235.0,110.1101764701039,112.99999999999999,44.821227868714466,0.0,147.21578979492188,44.55180817348618,35.46698651994978,34.08422833882697,34,238,106.73862990686534,100.0,43.70543290142658
NE005001005,0.0,438.0,209.0894403632351,208.51266125179166,97.29816058542714,0.0,262.4853515625,61.46275610634663,45.05544232725605,50.37328474739963,33,545,193.15673377664467,181.37209302325581,95.99748360433658
NE005002001,0.0,214.0,81.96005659851325,77.99999999999999,40.80980467987063,0.0,171.1315155029297,52.34695624422572,45.404849508534305,37.37862881748935,15,392,220.68316922067254,216.578947368421,78.70262895789372
NE005003001,0.0,241.0,94.72597270096452,88.0,47.90693675633947,0.0,199.90904235839844,69.07836332851768,61.56950067268111,47.55212597357561,25,388,167.67400155422396,154.7,89.5867433163444
NE005003002,0.0,166.0,49.912151499210914,44.0,32.44996610013941,0.0,143.6519317626953,27.228567137990517,16.47692794404391,30.032075341479246,2,180,51.29390963820213,41.0,41.15980582901149
NE005003003,0.0,174.0,51.25740753774151,45.0,30.342369082897132,0.0,148.5290985107422,32.735443483485824,22.68351656443452,30.562441351953535,0,296,129.74165552310245,148.429849077697,84.48022077298721
NE005003004,0.0,80.0,32.22113868471486,29.999999999999996,17.94692542426876,0.0,54.74862289428711,10.290430246368844,8.174248142218767,10.028529805889704,9,98,30.07473982970671,26.0,17.446182182315574
NE005004001,0.0,100.0,42.70317584915535,41.0,23.006218776681212,0.0,87.41439819335938,26.832307342404956,21.320386531529394,19.506499394708094,80,274,189.90536231173024,191.0,35.62627403173229
NE005004002,0.0,153.0,61.04526316722506,59.00000000000001,30.492648173643612,0.0,142.65170288085938,51.936001590940734,49.40077397379085,30.21632032983991,32,294,150.3157652147707,154.45955492758742,54.159794622262616
NE005004003,0.0,130.0,54.10430622009569,51.00000000000001,27.452700248668492,0.0,96.34001922607422,28.58679999376282,22.35720393209174,20.35721880735027,48,245,113.7512019369343,99.99999999999999,44.51228022233763
NE005004004,0.0,96.0,50.36249472907439,52.0,22.7563870267669,0.0,88.66606140136719,22.921965660039202,15.247016974485636,21.375801487722676,0,188,65.49134250474384,56.99999999999999,40.34207557745841
NE005004005,0.0,142.0,58.24499514565736,55.00000000000001,29.61241524565849,0.0,138.9992218017578,39.830078267260255,36.48822698336458,28.12398703058401,0,246,132.64063220354606,133.0,42.51998106783991
NE005004006,0.0,97.0,44.49762262118906,43.0,20.34094174890077,0.0,82.67367553710938,24.552739122536156,18.901963233947754,19.468726140498813,0,204,74.07441482109513,61.0,53.16217149560865
NE005004007,0.0,104.0,49.8292104939583,49.0,22.44239500922306,0.0,61.15922164916992,18.1398834173373,14.794295676490838,12.458846782970417,47,208,113.2936698673165,116.0,37.267985926261176
NE005005001,0.0,117.0,46.79640065974496,45.0,23.031291382986712,0.0,115.40950012207031,22.796331217787984,16.69962011064802,20.21535929464122,29,300,159.90013129070843,170.625,75.26140713622854
NE005005002,0.0,163.0,63.28656769580107,62.00000000000001,30.962317111822447,0.0,112.78607940673828,31.36955634822453,25.78721292225498,24.22195462272714,0,254,105.84259257466853,100.0,48.49216350143805
NE005005003,0.0,115.0,53.639481276763725,53.0,25.265902352811345,0.0,102.9144058227539,21.505375505827477,14.747320245618727,19.364905396473834,0,164,52.131703465241294,47.0,31.413583044831913
NE005006001,0.0,99.0,45.617463584209524,45.99999999999999,21.301981094038233,0.0,88.66606140136719,22.464717550602387,17.19879533794436,17.573882294455732,12,214,85.8708758983983,80.0,38.0449494915972
NE005006002,0.0,210.0,66.53146069945188,61.0,39.41947333855721,0.0,122.3447265625,31.304295935976885,25.25731362162143,23.90511570116697,0,255,86.63007507794832,74.0,47.1181441178158
NE005006003,0.0,166.0,57.72529761436313,52.0,34.106543029034796,0.0,122.75157928466797,30.037121016906465,22.819404989082642,24.649963632109973,6,212,85.45520700528336,81.0,46.51890755057861
NE005006004,0.0,104.0,42.835565851644596,40.0,23.143302675412638,0.0,95.16593933105469,28.097459439025737,22.690390116122057,21.672075099760576,0,256,101.47735217211806,96.62389380530973,59.80900348197523
NE005007001,0.0,125.0,55.10699213593857,48.0,32.22393435640058,0.0,105.20331573486328,37.924611752551684,27.08842843729299,31.33905579788166,27,206,82.32954693338785,68.0,45.30833729769033
NE005007002,0.0,154.0,55.43784446007487,52.99999999999999,28.813049535268377,0.0,116.14141845703125,33.238710638589744,28.242524614453952,24.959028961551308,0,252,85.11896482833552,76.0,47.694473084760794
NE005007003,0.0,100.0,40.395955371122625,39.0,20.404811288790164,0.0,71.4041748046875,20.85330472347611,16.18029721577962,15.990952807408926,6,108,49.83365998401416,50.0,23.45558333477895
NE005007004,0.0,129.0,55.964216540299574,53.00000000000001,29.782708742255426,0.0,124.0068588256836,42.01938633506061,35.737831115722656,33.15256558535319,18,341,119.69097651421504,108.4757015742642,73.66686618803315
NE005007005,0.0,146.0,66.50092826095214,67.0,28.871030592377974,0.0,135.8627166748047,56.43770032429856,57.41866743980013,28.48253484167413,80,459,285.14449823218547,292.9656340755082,88.91535506335067
NE005007006,0.0,138.0,52.551461502038364,49.0,28.031750578573146,0.0,116.19525146484375,35.14558192001719,29.353491973876952,26.77832235885406,6,193,93.65525066694384,93.0,40.27651788283806
NE005008001,0.0,115.0,41.93571116311362,38.00000000000001,22.92941364175969,0.0,102.99583435058594,23.461412257717118,16.235548389074467,21.39592534758627,0,182,56.72236994368298,55.0,37.24481273105367
NE005008002,0.0,115.0,45.569681575083365,44.00000000000001,22.445430840276387,0.0,115.40950012207031,24.91454349576865,19.17690231036214,20.440301381877077,14,189,74.81137262467448,69.0,38.860473332564695
NE005009001,0.0,365.0,94.96948451737987,88.4725431464841,59.730668834029196,0.0,348.5834045410156,56.51619400091864,34.83526357773929,63.002483765022696,31,641,207.47429012007385,177.41232450767927,116.07977731450147
NE005009002,0.0,253.0,79.3786230471381,74.99999999999997,42.105304312107634,0.0,150.6855010986328,28.9762208220315,20.428865553249235,25.821397159906578,13,490,231.02060651258796,236.4977578475336,107.92841039256648
NE005009003,0.0,159.0,65.27754222299781,61.00000000000001,36.75363834490184,0.0,138.57717895507812,36.53934909901538,27.512194969992684,30.465415593339678,14,223,102.39450735512594,97.00000000000001,43.61686705974052
NE005009004,0.0,146.0,48.89567310352459,46.0,25.32269845424381,0.0,83.02984619140625,19.748634414837937,14.727700611831034,15.459595774950028,6,182,59.39085583467045,51.0,33.48608861968504
NE005009005,0.0,497.0,185.64241166019187,170.47683357573237,97.63335655826194,0.0,396.64947509765625,126.97054371882588,104.94008789833578,96.40687164876547,112,910,526.7470467874396,517.0573678290214,172.55907605156122
NE005009006,0.0,571.0,170.52132263287874,141.43169398907102,114.85402013580618,0.0,430.1830139160156,83.19507475895436,58.97528246764565,80.97689666826524,69,781,283.18768419260346,265.56968067226893,111.38989550309932
NE005010001,0.0,3468.0,1210.930460566581,919.2557623356668,950.1850580127405,0.0,1347.93603515625,333.7842040389982,212.08677237112198,322.8021386720917,329,3553,1128.4477494693,935.367879830471,719.1969763313086
NE005011001,0.0,317.0,126.05607217966694,120.58432595953866,65.9527368423042,0.0,277.5116882324219,92.25312040595738,80.89736764014286,57.8378039672499,12,557,265.6657415877303,261.5609785709949,114.76481935312127
NE005011002,0.0,415.0,192.9945119322638,194.44244629006798,84.33860183463443,0.0,225.88040161132812,48.636067397358,38.49880229827771,39.06700408089314,110,518,295.3240612806596,298.4945569344655,76.89546803631781
NE005012001,0.0,1099.0,413.1847688086083,363.603864587757,243.00570110998527,0.0,763.7593994140625,217.31771890424218,177.80428663549424,160.75772929233895,185,1589,688.4230396871186,651.4937091264869,252.08405652488108
NE005013001,0.0,159.0,79.47886028591073,81.0,33.69495124855461,0.0,81.19136810302734,16.923454274354654,12.212917197221433,14.597803234121065,0,114,45.933486914360735,45.0,24.470073373376763
NE005013002,0.0,114.0,56.37227129945676,55.0,27.69145964886993,0.0,57.88920211791992,15.350463021767832,12.339850107828775,12.486556419843692,0,84,25.46937618361815,22.0,19.2330375673335
NE006001001,0.0,757.0,320.1009811080943,297.3015338136184,172.8666832146913,0.0,561.291748046875,121.08647287925334,93.97091348402711,97.83368918028096,18,667,221.16209243599073,201.51905255654202,115.33157404771335
NE006001002,0.0,930.0,333.11087437666544,273.4091744006187,198.599118895537,0.0,446.3103332519531,156.8982135908026,131.0466024138059,113.11241931455324,0,806,260.9016018853748,205.6414345504402,186.69480011547856
NE006002001,0.0,474.0,200.05268448665436,180.39801699716716,112.05003041156249,0.0,248.34242248535156,64.86670275711987,48.37206126368323,52.58732776700094,0,385,118.23232681040082,100.36804360298338,89.41189196258662
NE006002002,0.0,553.0,240.9575944031443,245.5683274757081,105.42403106019438,0.0,386.15423583984375,145.99085962432375,126.8914893046109,95.63046596210168,57,612,292.19950950874227,270.17412086036194,137.2384733080081
NE006003001,0.0,336.0,125.45666385034495,100.35915492957746,82.39584782014609,0.0,215.57427978515625,57.03361881524962,39.51845505658318,49.94623927196977,0,231,72.57382283170313,58.0,55.070983840974904
NE006004001,0.0,886.0,374.6315007180067,373.4189896150543,178.3133977229909,0.0,462.82879638671875,130.23704144419153,111.03231672807173,88.3223964153877,115,944,378.6655149390949,341.29433512224216,165.76142941123385
NE006005001,14.0,350.0,183.41335767006856,186.2247191011236,66.11456558717266,5.245125770568848,184.6786346435547,65.27223983580956,55.623230252947124,41.15693085220917,35,429,182.6299581656852,172.38374717832957,77.20963346107801
NE006006001,0.0,736.0,291.0897932695185,285.2708275671188,171.6247290034358,0.0,585.9371337890625,176.38076867453822,121.70288526945356,151.4171935787831,15,687,251.93517833812953,189.3665165398354,164.56207636886575
NE006006002,0.0,234.0,96.34583409545499,86.99999999999999,51.337663748480175,0.0,193.52267456054688,60.56082974657781,49.532228839457005,45.81304784625889,0,258,88.24277361151273,78.66435084672167,55.02900035644988
NE006006003,0.0,393.0,196.0028081631611,188.38059701492537,92.0720345363338,0.0,368.97467041015625,153.67252490646354,144.8377245322041,93.06912387810547,32,502,248.14069248856296,244.66825672159584,120.52933551241566
NE006006004,0.0,355.0,152.71190470562033,150.52011291460832,67.60175112507171,0.0,346.0628662109375,97.01567128180112,82.95875985292258,68.38128992536102,0,497,174.77002044190854,126.41176470588235,134.2307012509654
NE006007001,0.0,442.0,160.321719034428,136.64958970946995,98.15861362076953,0.0,300.8420104980469,88.85312402095155,62.86633563988262,76.55611671785742,13,522,244.47028888009487,236.50487804878048,121.69176154536956
NE006007002,0.0,456.0,194.6322632729719,190.45112781954887,112.62804790449724,0.0,300.8420104980469,83.55033787522902,62.9774864916883,65.26031482276781,36,462,168.6038324830408,140.3400966183575,98.48264129213324
NE006008001,0.0,210.0,108.65731461844386,111.0,46.324473834665014,0.0,110.50501251220703,32.60091033855617,27.747463814949874,22.7637856627772,3,191,70.12212706481672,62.0,42.87025971700598
NE006008002,0.0,369.0,198.88227794954014,206.5,93.08735686710735,0.0,140.58836364746094,55.39693260315273,50.542417884005296,32.948213959429,22,204,88.62539791595101,85.0,37.018949028773676
NE006008003,10.0,373.0,196.2718561130746,198.55882352941177,74.46170331476608,0.601306676864624,223.33766174316406,79.469313767323,68.48037778945667,53.20603682933558,8,465,167.6864794503829,146.17776228651098,106.78353504952696
NE006008004,0.0,376.0,150.4996248303581,136.52777777777777,85.72988481119735,0.0,270.01806640625,76.09321547125764,54.99692677495568,66.46769492061995,4,336,110.94016207328534,84.39306358381502,87.57697074225766
NE006008005,0.0,248.0,116.11161261619235,115.99999999999999,52.53930201226994,0.0,235.0023193359375,89.98551524435656,89.51435311114201,55.11488803003857,54,416,207.20856724639754,206.7,92.55919168579604
NE006008006,0.0,199.0,102.51748785631806,97.99999999999999,46.16489798834777,0.0,105.02674865722656,37.4922790291694,31.143776984110367,24.408986510464278,15,168,66.85677612680962,60.0,32.51328298458433
NE006008007,0.0,290.0,116.1088606259333,112.50247770069375,54.970381826732186,0.0,152.8332061767578,48.86822794231848,42.49683700511658,34.56892470131538,15,186,87.58915411336923,83.0,39.12444721526621
NE006008008,0.0,158.0,70.71067554530691,72.0,39.71591083351491,0.0,87.2660140991211,16.435798994266083,13.411212005135829,16.11785596252746,0,117,34.291959810819066,24.999999999999996,29.627142955060673
NE006008009,0.0,207.0,110.87528259753951,110.0,47.160378022469786,0.0,140.6375732421875,40.17879004718466,36.2479866027832,27.9366624550805,2,146,47.01454943896589,36.0,34.51940408173356
NE006008010,0.0,291.0,134.17474769925084,132.45454545454547,70.64564149969146,0.0,176.65615844726562,67.54332981146753,62.69332819087941,43.95437213936951,16,231,112.27020572070055,108.00000000000001,49.93922170491878
NE006008011,0.0,226.0,95.2670072153758,89.99999999999999,46.466824166798276,0.0,116.3818588256836,35.151150390216735,30.714579045772552,22.376525426890318,6,203,67.91625694400105,60.0,38.23567589811196
NE006009001,0.0,541.0,237.09414714164208,229.4205848369034,112.42696639198766,0.0,376.79022216796875,113.17734901399851,96.93634308050879,79.82827663029146,65,498,208.80118395632397,198.37921746526797,91.47945442301473
NE006009002,0.0,350.0,131.5123732571095,126.48032069970846,67.328438898194,0.0,230.42286682128906,57.86048600179456,47.44163913726807,42.56740280846718,30,315,127.32860534992847,116.58915607985482,52.507885135546445
NE006009003,0.0,376.0,140.65166851406698,136.48387096774192,69.87754130310223,0.0,285.03192138671875,113.09654431202932,105.15170271078055,65.41369922403558,39,479,233.67869529452707,228.6122448979592,113.13534276925482
NE006009004,0.0,810.0,295.56716602095923,269.448611188733,167.86327764742327,0.0,553.7816162109375,128.97037091055404,85.93890062418903,119.70586759090645,81,910,315.62040467940307,265.5303976931395,173.0076997633065
NE006010001,0.0,350.0,145.9157967679747,134.5041941282205,70.50296843497131,0.0,297.62127685546875,93.03742835101697,78.99759932579487,69.2483450572224,44,382,163.0775979246809,150.76315789473682,79.70735772935296
NE006010002,0.0,216.0,97.13920525566125,101.0,41.313211078511884,0.0,147.77432250976562,46.97541592697401,41.52612044896835,31.668546983880926,33,211,98.62634225749258,93.0,37.78817239833755
NE006010003,0.0,735.0,230.15115116397286,205.28370786516854,142.12507277927773,0.0,309.89044189453125,88.07323119053123,80.96239735704017,52.82023960145761,66,546,238.26309654662793,224.50492546421412,94.42572345689543
NE006011001,0.0,354.0,131.56837601541648,124.66324921135646,65.65351343428839,0.0,285.7723083496094,56.68597105165752,26.834082221756738,63.25433348446027,123,488,261.5368895883808,244.56874807751458,88.63674193314029
NE006011002,0.0,385.0,168.8882183165814,168.49229972822573,78.06611172565796,0.0,269.1728515625,79.22750685526782,68.99514140530525,53.69905899833185,0,444,190.16923802571728,184.5562624977277,76.95667703316572
NE006011003,0.0,262.0,124.04891534556874,126.22897946084726,51.70740524138158,0.0,76.07735443115234,17.205588578579494,16.75502815843907,9.40314416768481,0,332,152.51815164330017,146.5686446886447,62.59001563143189
NE006011004,0.0,212.0,103.03869137774348,106.00000000000001,46.74161431695103,0.0,89.4840316772461,20.69131937159626,18.244622707366943,13.926332609202737,34,212,113.5115615160778,111.0,41.07432242308591
NE006011005,0.0,277.0,105.47620305891209,98.57172342621261,54.56301286982933,0.0,140.74539184570312,17.726790243572008,12.49596618462546,18.949459607736326,89,469,220.39441615516603,198.53430733107226,89.48558728854228
NE006012001,0.0,588.0,256.77033417965976,256.8517034068136,151.11026408497528,0.0,443.9779968261719,162.67772888163466,154.88499342388428,107.6217356657486,37,636,304.25443650765254,281.5254656024326,160.4977003085053
NE006012002,0.0,103.0,58.33719942008701,60.0,24.237439693414082,0.0,67.3426742553711,26.063856323611727,21.707260131835938,16.496249284043454,25,108,57.76183572464131,55.00000000000001,20.683873028277386
NE006012003,0.0,246.0,95.1918404971825,90.0,53.02226784270961,0.0,191.56600952148438,44.745321994257885,29.371584271533813,41.38403908845575,18,285,76.50015611293658,58.441851419681065,54.15296727011108
NE006012004,0.0,345.0,145.19562346839234,140.5529411764706,76.6676847850821,0.0,285.5520935058594,101.19396073146427,88.92704569171156,78.95537369486757,6,429,163.9982156027694,138.85714285714286,121.01455002324477
NE006012005,0.0,480.0,185.3262996334677,156.49169435215947,119.49307961417796,0.0,241.7488555908203,68.13899941536131,55.453635137908314,53.52234695096762,4,284,96.26522343445612,88.46732837055417,60.84826095853524
NE006012006,0.0,129.0,69.30005441339996,67.99999999999999,27.397005617844382,0.0,41.72932434082031,12.000516660695338,11.35412612677494,7.080138175918868,1,71,28.117532943764935,27.000000000000004,14.394979170905835
NE006012007,0.0,335.0,166.41915469303973,185.0,91.74470478715097,0.0,232.16172790527344,75.84679157714213,65.57832836355608,56.04554070943542,0,310,92.83884327507205,80.4,72.78113041788555
NE006013001,0.0,296.0,148.97528712984112,148.42857142857142,64.37358530742358,0.0,257.10980224609375,49.0122666327595,35.056092060092254,46.7955699304348,50,336,120.24569483284988,108.4089174533039,50.97853695967663
NE006013002,0.0,343.0,162.83695183631252,160.67103317135008,69.5107352225394,0.0,218.39401245117188,71.93382814926568,64.45347587626402,43.79485172378856,25,373,203.66361213288138,210.44222356313168,78.64393474068513
NE007001001,0.0,623.0,206.99804856307765,201.57080983392015,104.99573489093754,0.0,425.4381408691406,114.96422633678313,101.14135862462345,75.85928432794394,0,617,313.79658106609634,305.41750775117094,113.84473102973978
NE007002001,0.0,106.0,45.578496564681586,41.99999999999999,24.281646602705326,0.0,106.73271179199219,36.125938010697965,31.364004498436337,29.35937122481354,29,286,115.90685037484563,96.27508090614887,74.65749511929207
NE007002002,0.0,222.0,87.82785016185461,85.99999999999999,41.25525789344766,0.0,185.49925231933594,66.16773944337751,62.4580110845258,40.15210228290301,0,469,216.66136678533925,208.51438240270727,109.98785602311904
NE007002003,0.0,158.0,72.15548341264203,70.0,35.08609394261778,0.0,158.68714904785156,62.40955762594402,60.572664265206186,38.03363381183662,17,423,161.2218487194853,164.4844838505383,75.64086294945191
NE007002004,0.0,104.0,53.16670857430224,51.0,23.808598580999774,0.0,104.37823486328125,53.4385120302761,51.75394630432129,23.76633458487863,50,183,119.79227432738243,124.0,32.42105676788992
NE007002005,0.0,183.0,73.27909736336778,71.0,36.069332920403326,0.0,183.58653259277344,57.123022697763055,51.508529473972054,38.21090065703602,90,422,223.39748724177892,222.43927648578813,76.3818191002993
NE007002006,0.0,202.0,69.70629104597145,68.0,34.50285475397612,0.0,147.74708557128906,54.003007109842116,50.43569173140563,30.916253474721625,37,424,230.06528979123294,226.5078407720145,84.67729855498334
NE007003001,0.0,135.0,50.811017893276954,49.00000000000001,26.499698939709575,0.0,76.8680191040039,30.64462190606053,28.81777055862502,19.92109042467452,29,210,96.54150467225978,94.0,39.41867334123618
NE007003002,0.0,138.0,53.926792120942345,52.0,26.83746957334137,0.0,127.38753509521484,41.34818967907858,37.85824289325222,27.317728371407142,39,303,133.76784612991975,130.52388289676426,60.99197879383088
NE007003003,0.0,177.0,64.11307786751237,61.0,33.51828822221707,0.0,132.75538635253906,38.921487180015085,36.39122531288549,23.978467745557875,106,375,245.14589747228266,244.44857902269473,62.03173693613286
NE007003004,0.0,166.0,62.40485904790594,58.0,31.05480497223265,0.0,110.46351623535156,40.80081801545451,34.74610271394544,26.528972981831462,23,350,225.60016566491885,222.41379310344828,59.35849727787706
NE007004001,0.0,535.0,174.52229191205927,169.56510899443842,92.8238345552016,0.0,397.8414306640625,111.22668079213354,91.00085108613257,81.07452899967336,252,870,542.8913153441873,521.6661443643582,139.35420628277882
NE007004002,0.0,356.0,124.37750876482342,114.51385390428213,68.00424650250288,0.0,193.22988891601562,55.28569337714676,46.55481411037689,38.515670005885056,56,427,272.16798868192365,270.6046511627907,62.06512618550812
NE007004003,0.0,202.0,71.24608227228208,68.0,40.52792391406728,0.0,202.9146270751953,67.76516279727242,66.70594318096454,41.25513053456223,121,507,295.83822582901934,298.4166666666667,92.38197051002307
NE007004004,0.0,361.0,133.70604519631195,132.50003934839063,63.95864609008352,0.0,272.6780700683594,62.83027146842423,50.99438471496763,48.72103471053374,99,511,254.04392139583462,250.4356492027335,83.14071108313337
NE007004005,0.0,245.0,84.38382408488727,78.0,46.35665671252609,0.0,245.88877868652344,66.79951472801038,57.432702480307164,52.20039810252958,62,472,222.38293695485692,190.4183889772125,111.34876392749644
NE007004006,0.0,324.0,151.57933179295182,148.50026195153893,71.68503286967123,0.0,195.90399169921875,66.90436133156985,59.48657468349258,43.6365497651226,122,607,349.82075172036883,354.4906292310981,106.64721070124723
NE007005001,0.0,92.0,37.9178355920467,38.0,19.604621549216155,0.0,92.83084106445312,24.9341790937566,18.58199896806673,21.296672776471702,34,189,106.8119497477496,102.0,30.571362490383557
NE007005002,0.0,84.0,39.61865358328451,40.0,18.370592740200944,0.0,77.54866790771484,26.605531582729203,24.937668323516846,18.037657083946126,55,186,98.47537102128486,95.0,29.986226836529095
NE007005003,0.0,142.0,59.11437862293228,56.00000000000001,32.736641361820666,0.0,84.47773742675781,27.063469357438255,19.80719757080078,23.190252579098114,50,180,88.21183844667519,81.0,26.59877515144523
NE007005004,0.0,143.0,61.00003831968194,59.0,31.37347248251333,0.0,110.79883575439453,50.26482537077686,50.76298120432886,27.516699275700777,39,259,137.17140393734732,132.00000000000003,48.328113603139315
NE007005005,0.0,143.0,54.319817227567846,48.99999999999999,30.040203170072477,0.0,93.93616485595703,33.33260075486115,31.808335781097412,21.528852241393746,39,253,112.40390635790257,100.0,54.05500932666179
NE007005006,0.0,106.0,48.797177295223676,45.0,25.51470776571517,0.0,88.20146942138672,34.87297396256569,32.23937803203777,21.462087439170315,29,138,87.84309360865757,86.0,26.194914534699596
NE007005007,0.0,104.0,43.09719970523211,39.99999999999999,22.56693122150538,0.0,81.72404479980469,21.386545783562426,14.255566815976742,18.26869790131184,51,137,80.50445099484155,73.0,21.44405173381812
NE007005008,0.0,92.0,31.77699240148437,31.0,17.86027595282249,0.0,89.30963134765625,17.19011327054106,13.179834469778848,17.622341521427963,46,194,88.29413323908818,78.0,35.40714779919776
NE007005009,0.0,124.0,53.212430255816415,48.99999999999999,28.309255143202094,0.0,89.94151306152344,33.83682291604542,31.221910321239857,23.730743628544854,34,144,79.70619275713234,76.00000000000001,30.702313545961463
NE007006001,0.0,122.0,47.78518199993798,47.00000000000001,22.592768796369253,0.0,96.36451721191406,30.528774499390114,26.26232419835625,22.776506789717544,4,151,62.055271592405276,59.0,31.866274920289086
NE007006002,0.0,92.0,34.967104696757424,34.0,16.679316989652943,0.0,74.5098876953125,22.210572021775725,17.84473602338271,17.145119540135045,14,183,76.16206591583246,74.0,36.29214473942165
NE007006003,0.0,101.0,46.34087023273669,46.0,21.11358679485764,0.0,95.51207733154297,32.020228328664594,28.632000123549354,23.27572883333316,17,136,62.12678390732406,58.0,31.081750578792246
NE007006004,0.0,98.0,39.47246263019206,37.0,20.064903911059332,0.0,92.89413452148438,27.501809317321314,25.756517642504207,19.837503176064637,0,185,56.61619586359496,46.0,43.47232855880947
NE007006005,0.0,106.0,39.4707918259247,37.0,21.18072534201937,0.0,93.3525390625,33.527127423511345,32.686085956852615,20.218789625948205,0,191,71.2709643763606,65.0,46.19137888138613
NE007006006,0.0,118.0,59.18694172773691,58.0,25.766912672389033,0.0,105.1711654663086,33.58376043516798,30.794193851645222,22.998260900324834,0,270,111.306526081029,102.53864400079067,51.17017105460911
NE007006007,0.0,100.0,36.954933954933956,35.0,20.316178515961777,0.0,94.08148193359375,29.994327723383563,28.193304964420545,21.71779115930661,16,180,79.53687167533319,73.0,41.73002423703403
NE007007001,0.0,152.0,62.15592661393002,59.0,30.695787728568618,0.0,118.83562469482422,32.402478920076554,26.28335029546665,24.350852783656077,17,205,74.48834714366218,66.0,37.1529307378708
NE007007002,0.0,163.0,67.03206026540661,66.0,32.73111384794104,0.0,163.57882690429688,58.647207635448204,54.30969692261751,36.607728378565604,1,321,143.38063533661497,138.77777777777777,79.42969151257992
NE007007003,0.0,100.0,46.77202590515926,46.99999999999999,20.32738067096965,0.0,53.106468200683594,16.362155390315305,13.87446641921997,11.341366801307473,5,143,65.10594166992651,59.99999999999999,28.415940360510845
NE007007004,0.0,131.0,53.712417926674036,53.0,25.355635213008423,0.0,122.81747436523438,36.061913634779984,32.21444326452075,25.760024505637453,0,186,77.66147166950377,77.00000000000001,38.05467358568153
NE007007005,0.0,131.0,55.94233908279013,54.0,27.9338633226198,0.0,121.4212646484375,30.011416163742275,26.16664312280607,24.133492642534403,23,183,72.97373756277096,66.0,33.53746072984265
NE007007006,0.0,158.0,69.61031778270785,67.99999999999999,34.566804098415446,0.0,96.82762908935547,27.41968343959534,17.212850355469023,24.022784568942065,3,105,41.44677061525481,33.0,28.815602836601123
NE007007007,0.0,113.0,47.3467126650302,46.00000000000001,23.692891827317904,0.0,84.49453735351562,25.267523869024217,19.024911880493164,20.485961390559154,8,138,56.655653596939416,48.00000000000001,34.2522313719264
NE007007008,0.0,119.0,54.52874866175451,52.0,27.188503611927715,0.0,110.11927032470703,32.8018438350333,27.154210408528645,23.37366442481414,51,201,117.3486995402733,118.0,34.62746809987232
NE007008001,0.0,204.0,82.25797204998005,78.0,39.89350987055513,0.0,149.20469665527344,35.70778459636142,19.536972296865365,33.59061194931271,3,210,64.39484294062109,53.0,44.21471067072662
NE007008002,0.0,220.0,76.67366140810923,73.0,39.27674138831156,0.0,177.9705810546875,58.270028212514895,52.35323179702056,40.92414386571004,18,383,137.27392903647788,108.6,95.75529964554505
NE007008003,0.0,220.0,92.55270750677407,88.0,44.27192814319724,0.0,208.08609008789062,78.2630781513318,74.50886878967285,45.95706244124826,4,485,240.70284298931466,258.5,132.65334131557137
NE007009001,0.0,166.0,63.376637274205954,55.0,37.23640611749431,0.0,166.3124237060547,63.86957350410771,55.5772819519043,37.24240455266797,333,497,431.05778614844616,445.0,44.96661712611867
NE007009002,0.0,283.0,98.12786082465126,94.56310300596732,49.222128968572314,0.0,266.396728515625,70.59649624539732,62.95042997969129,47.39383111001098,0,473,219.63356571561627,210.60606060606065,90.24383633016603
NE007009003,0.0,219.0,83.40153761968243,78.0,44.13674611191541,0.0,202.05685424804688,59.4246550462355,50.434957630598724,43.045563943990494,28,475,164.85366613155324,142.54166666666666,92.09428182429417
NE007009004,0.0,368.0,119.96278237411732,112.4677426187148,62.394834470203435,0.0,292.5262451171875,72.4439623106276,62.99667697590754,53.775075702189525,75,609,269.68753586070295,245.52392827019696,108.55976570645862
NE007009005,0.0,2034.0,532.8228587865909,443.7089674905638,372.75648499369254,0.0,1369.1837158203125,336.9479441566981,276.24420021682164,246.81962065214898,148,1991,828.1417309791352,731.8669529407624,416.96696707271474
NE007010001,0.0,3798.0,1433.8340308653299,1223.4135603725833,1063.1197309276488,0.0,2968.53271484375,1044.6845950821164,711.9466050958729,913.423334338494,303,4131,1739.1350710178751,1367.4282087511915,1079.375267317681
NE007011001,0.0,130.0,44.98065905066147,41.99999999999999,29.241991155690002,0.0,73.24537658691406,13.979765438773553,10.681260368167953,16.049847646614985,0,120,24.101392409458665,14.0,29.902886399936044
NE007011002,0.0,146.0,56.214009239605424,51.0,40.042061444116854,0.0,67.9348373413086,14.477757076617106,10.371078491210938,15.83454559712272,0,76,18.824572356099377,14.0,20.851327365265163
NE007011003,0.0,79.0,39.66037334467904,40.0,20.26268042530014,0.0,28.89313507080078,8.440462121600605,6.510470867156983,5.999638353242907,0,42,14.774078604478005,12.999999999999998,11.321452068247869
NE007011004,0.0,87.0,33.65146632291332,32.0,23.37047702055444,0.0,43.52044677734375,5.898806437739549,3.6442598480718873,7.8603901762570985,0,46,6.806155333548181,3.0000000000000004,10.258066380377114
NE007011005,0.0,163.0,77.67923076923077,73.0,40.90011102092112,0.0,85.5352783203125,19.863347737245213,13.165417512257894,19.668194675062285,3,101,31.85337412587413,26.0,23.275216575945613
NE008001001,0.0,130.0,35.668670215810856,29.999999999999996,28.629103971307323,0.0,42.690345764160156,4.940269499024268,3.1046628422207303,7.044032093973909,0,89,15.25642566832675,3.0,22.95100447494204
NE008001002,0.0,52.0,17.801215338408877,15.0,13.279683731173721,0.0,15.018614768981934,3.046092358158064,1.9345470467411663,3.4341802905756,0,27,5.0244464622476785,2.0,6.676263925280367
NE008001003,0.0,120.0,42.862775273899835,41.0,30.553422957725118,0.0,26.152437210083008,6.364599494338541,5.41119384765625,5.496707903274633,0,83,29.362537100142898,31.0,22.305511784779924
NE008001004,0.0,68.0,21.13734911054638,15.0,16.623537295064786,0.0,12.91871452331543,2.5988440113816655,2.2126877160198917,2.3395560774588295,0,31,4.447109275730623,0.0,7.942544355564431
NE008001005,0.0,104.0,36.17867428773983,36.0,24.52044296803841,0.0,28.563987731933594,5.402539975886712,4.454885959625244,4.8807279745534125,0,54,14.231202091364269,11.999999999999998,13.746717080424283
